,gender,race/ethnicity,parental level of education,lunch,test preparation course,math score,reading score,writing score,min,median,max,mean/std
0,female,group B,bachelor's degree,standard,none,72.0,72.0,74.0,72.0,72.0,74.0,73.0/1.0
1,female,group C,some college,standard,completed,69.0,90.0,88.0,69.0,88.0,90.0,82.0/12.0
2,female,group B,master's degree,standard,none,90.0,95.0,93.0,90.0,93.0,95.0,93.0/3.0
3,male,group A,associate's degree,free/reduced,none,47.0,57.0,44.0,44.0,47.0,57.0,49.0/7.0
4,male,group C,some college,standard,none,76.0,78.0,75.0,75.0,76.0,78.0,76.0/2.0
5,female,group B,associate's degree,standard,none,71.0,83.0,78.0,71.0,78.0,83.0,77.0/6.0
6,female,group B,some college,standard,completed,88.0,95.0,92.0,88.0,92.0,95.0,92.0/4.0
7,male,group B,some college,free/reduced,none,40.0,43.0,39.0,39.0,40.0,43.0,41.0/2.0
8,male,group D,high school,free/reduced,completed,64.0,64.0,67.0,64.0,64.0,67.0,65.0/2.0
9,female,group B,high school,free/reduced,none,38.0,60.0,50.0,38.0,50.0,60.0,49.0/11.0
10,male,group C,associate's degree,standard,none,58.0,54.0,52.0,52.0,54.0,58.0,55.0/3.0
11,male,group D,associate's degree,standard,none,40.0,52.0,43.0,40.0,43.0,52.0,45.0/6.0
12,female,group B,high school,standard,none,65.0,81.0,73.0,65.0,73.0,81.0,73.0/8.0
13,male,group A,some college,standard,completed,78.0,72.0,70.0,70.0,72.0,78.0,73.0/4.0
14,female,group A,master's degree,standard,none,50.0,53.0,58.0,50.0,53.0,58.0,54.0/4.0
15,female,group C,some high school,standard,none,69.0,75.0,78.0,69.0,75.0,78.0,74.0/5.0
16,male,group C,high school,standard,none,88.0,89.0,86.0,86.0,88.0,89.0,88.0/2.0
17,female,group B,some high school,free/reduced,none,18.0,32.0,28.0,18.0,28.0,32.0,26.0/7.0
18,male,group C,master's degree,free/reduced,completed,46.0,42.0,46.0,42.0,46.0,46.0,45.0/2.0
19,female,group C,associate's degree,free/reduced,none,54.0,58.0,61.0,54.0,58.0,61.0,58.0/4.0
20,male,group D,high school,standard,none,66.0,69.0,63.0,63.0,66.0,69.0,66.0/3.0
21,female,group B,some college,free/reduced,completed,65.0,75.0,70.0,65.0,70.0,75.0,70.0/5.0
22,male,group D,some college,standard,none,44.0,54.0,53.0,44.0,53.0,54.0,50.0/6.0
23,female,group C,some high school,standard,none,69.0,73.0,73.0,69.0,73.0,73.0,72.0/2.0
24,male,group D,bachelor's degree,free/reduced,completed,74.0,71.0,80.0,71.0,74.0,80.0,75.0/5.0
25,male,group A,master's degree,free/reduced,none,73.0,74.0,72.0,72.0,73.0,74.0,73.0/1.0
26,male,group B,some college,standard,none,69.0,54.0,55.0,54.0,55.0,69.0,59.0/8.0
27,female,group C,bachelor's degree,standard,none,67.0,69.0,75.0,67.0,69.0,75.0,70.0/4.0
28,male,group C,high school,standard,none,70.0,70.0,65.0,65.0,70.0,70.0,68.0/3.0
29,female,group D,master's degree,standard,none,62.0,70.0,75.0,62.0,70.0,75.0,69.0/7.0
30,female,group D,some college,standard,none,69.0,74.0,74.0,69.0,74.0,74.0,72.0/3.0
31,female,group B,some college,standard,none,63.0,65.0,61.0,61.0,63.0,65.0,63.0/2.0
32,female,group E,master's degree,free/reduced,none,56.0,72.0,65.0,56.0,65.0,72.0,64.0/8.0
33,male,group D,some college,standard,none,40.0,42.0,38.0,38.0,40.0,42.0,40.0/2.0
34,male,group E,some college,standard,none,97.0,87.0,82.0,82.0,87.0,97.0,89.0/8.0
35,male,group E,associate's degree,standard,completed,81.0,81.0,79.0,79.0,81.0,81.0,80.0/1.0
36,female,group D,associate's degree,standard,none,74.0,81.0,83.0,74.0,81.0,83.0,79.0/5.0
37,female,group D,some high school,free/reduced,none,50.0,64.0,59.0,50.0,59.0,64.0,58.0/7.0
38,female,group D,associate's degree,free/reduced,completed,75.0,90.0,88.0,75.0,88.0,90.0,84.0/8.0
39,male,group B,associate's degree,free/reduced,none,57.0,56.0,57.0,56.0,57.0,57.0,57.0/1.0
40,male,group C,associate's degree,free/reduced,none,55.0,61.0,54.0,54.0,55.0,61.0,57.0/4.0
41,female,group C,associate's degree,standard,none,58.0,73.0,68.0,58.0,68.0,73.0,66.0/8.0
42,female,group B,associate's degree,standard,none,53.0,58.0,65.0,53.0,58.0,65.0,59.0/6.0
43,male,group B,some college,free/reduced,completed,59.0,65.0,66.0,59.0,65.0,66.0,63.0/4.0
44,female,group E,associate's degree,free/reduced,none,50.0,56.0,54.0,50.0,54.0,56.0,53.0/3.0
45,male,group B,associate's degree,standard,none,65.0,54.0,57.0,54.0,57.0,65.0,59.0/6.0
46,female,group A,associate's degree,standard,completed,55.0,65.0,62.0,55.0,62.0,65.0,61.0/5.0
47,female,group C,high school,standard,none,66.0,71.0,76.0,66.0,71.0,76.0,71.0/5.0
48,female,group D,associate's degree,free/reduced,completed,57.0,74.0,76.0,57.0,74.0,76.0,69.0/10.0
49,male,group C,high school,standard,completed,82.0,84.0,82.0,82.0,82.0,84.0,83.0/1.0
50,male,group E,some college,standard,none,53.0,55.0,48.0,48.0,53.0,55.0,52.0/4.0
51,male,group E,associate's degree,free/reduced,completed,77.0,69.0,68.0,68.0,69.0,77.0,71.0/5.0
52,male,group C,some college,standard,none,53.0,44.0,42.0,42.0,44.0,53.0,46.0/6.0
53,male,group D,high school,standard,none,88.0,78.0,75.0,75.0,78.0,88.0,80.0/7.0
54,female,group C,some high school,free/reduced,completed,71.0,84.0,87.0,71.0,84.0,87.0,81.0/9.0
55,female,group C,high school,free/reduced,none,33.0,41.0,43.0,33.0,41.0,43.0,39.0/5.0
56,female,group E,associate's degree,standard,completed,82.0,85.0,86.0,82.0,85.0,86.0,84.0/2.0
57,male,group D,associate's degree,standard,none,52.0,55.0,49.0,49.0,52.0,55.0,52.0/3.0
58,male,group D,some college,standard,completed,58.0,59.0,58.0,58.0,58.0,59.0,58.0/1.0
59,female,group C,some high school,free/reduced,none,0.0,17.0,10.0,0.0,10.0,17.0,9.0/9.0
60,male,group E,bachelor's degree,free/reduced,completed,79.0,74.0,72.0,72.0,74.0,79.0,75.0/4.0
61,male,group A,some high school,free/reduced,none,39.0,39.0,34.0,34.0,39.0,39.0,37.0/3.0
62,male,group A,associate's degree,free/reduced,none,62.0,61.0,55.0,55.0,61.0,62.0,59.0/4.0
63,female,group C,associate's degree,standard,none,69.0,80.0,71.0,69.0,71.0,80.0,73.0/6.0
64,female,group D,some high school,standard,none,59.0,58.0,59.0,58.0,59.0,59.0,59.0/1.0
65,male,group B,some high school,standard,none,67.0,64.0,61.0,61.0,64.0,67.0,64.0/3.0
66,male,group D,some high school,free/reduced,none,45.0,37.0,37.0,37.0,37.0,45.0,40.0/5.0
67,female,group C,some college,standard,none,60.0,72.0,74.0,60.0,72.0,74.0,69.0/8.0
68,male,group B,associate's degree,free/reduced,none,61.0,58.0,56.0,56.0,58.0,61.0,58.0/3.0
69,female,group C,associate's degree,standard,none,39.0,64.0,57.0,39.0,57.0,64.0,53.0/13.0
70,female,group D,some college,free/reduced,completed,58.0,63.0,73.0,58.0,63.0,73.0,65.0/8.0
71,male,group D,some college,standard,completed,63.0,55.0,63.0,55.0,63.0,63.0,60.0/5.0
72,female,group A,associate's degree,free/reduced,none,41.0,51.0,48.0,41.0,48.0,51.0,47.0/5.0
73,male,group C,some high school,free/reduced,none,61.0,57.0,56.0,56.0,57.0,61.0,58.0/3.0
74,male,group C,some high school,standard,none,49.0,49.0,41.0,41.0,49.0,49.0,46.0/5.0
75,male,group B,associate's degree,free/reduced,none,44.0,41.0,38.0,38.0,41.0,44.0,41.0/3.0
76,male,group E,some high school,standard,none,30.0,26.0,22.0,22.0,26.0,30.0,26.0/4.0
77,male,group A,bachelor's degree,standard,completed,80.0,78.0,81.0,78.0,80.0,81.0,80.0/2.0
78,female,group D,some high school,standard,completed,61.0,74.0,72.0,61.0,72.0,74.0,69.0/7.0
79,female,group E,master's degree,standard,none,62.0,68.0,68.0,62.0,68.0,68.0,66.0/3.0
80,female,group B,associate's degree,standard,none,47.0,49.0,50.0,47.0,49.0,50.0,49.0/2.0
81,male,group B,high school,free/reduced,none,49.0,45.0,45.0,45.0,45.0,49.0,46.0/2.0
82,male,group A,some college,free/reduced,completed,50.0,47.0,54.0,47.0,50.0,54.0,50.0/4.0
83,male,group E,associate's degree,standard,none,72.0,64.0,63.0,63.0,64.0,72.0,66.0/5.0
84,male,group D,high school,free/reduced,none,42.0,39.0,34.0,34.0,39.0,42.0,38.0/4.0
85,female,group C,some college,standard,none,73.0,80.0,82.0,73.0,80.0,82.0,78.0/5.0
86,female,group C,some college,free/reduced,none,76.0,83.0,88.0,76.0,83.0,88.0,82.0/6.0
87,female,group D,associate's degree,standard,none,71.0,71.0,74.0,71.0,71.0,74.0,72.0/2.0
88,female,group A,some college,standard,none,58.0,70.0,67.0,58.0,67.0,70.0,65.0/6.0
89,female,group D,some high school,standard,none,73.0,86.0,82.0,73.0,82.0,86.0,80.0/7.0
90,female,group C,bachelor's degree,standard,none,65.0,72.0,74.0,65.0,72.0,74.0,70.0/5.0
91,male,group C,high school,free/reduced,none,27.0,34.0,36.0,27.0,34.0,36.0,32.0/5.0
92,male,group C,high school,standard,none,71.0,79.0,71.0,71.0,71.0,79.0,74.0/5.0
93,male,group C,associate's degree,free/reduced,completed,43.0,45.0,50.0,43.0,45.0,50.0,46.0/4.0
94,female,group B,some college,standard,none,79.0,86.0,92.0,79.0,86.0,92.0,86.0/7.0
95,male,group C,associate's degree,free/reduced,completed,78.0,81.0,82.0,78.0,81.0,82.0,80.0/2.0
96,male,group B,some high school,standard,completed,65.0,66.0,62.0,62.0,65.0,66.0,64.0/2.0
97,female,group E,some college,standard,completed,63.0,72.0,70.0,63.0,70.0,72.0,68.0/5.0
98,female,group D,some college,free/reduced,none,58.0,67.0,62.0,58.0,62.0,67.0,62.0/5.0
99,female,group D,bachelor's degree,standard,none,65.0,67.0,62.0,62.0,65.0,67.0,65.0/3.0
100,male,group B,some college,standard,none,79.0,67.0,67.0,67.0,67.0,79.0,71.0/7.0
101,male,group D,bachelor's degree,standard,completed,68.0,74.0,74.0,68.0,74.0,74.0,72.0/3.0
102,female,group D,associate's degree,standard,none,85.0,91.0,89.0,85.0,89.0,91.0,88.0/3.0
103,male,group B,high school,standard,completed,60.0,44.0,47.0,44.0,47.0,60.0,50.0/9.0
104,male,group C,some college,standard,completed,98.0,86.0,90.0,86.0,90.0,98.0,91.0/6.0
105,female,group C,some college,standard,none,58.0,67.0,72.0,58.0,67.0,72.0,66.0/7.0
106,female,group D,master's degree,standard,none,87.0,100.0,100.0,87.0,100.0,100.0,96.0/8.0
107,male,group E,associate's degree,standard,completed,66.0,63.0,64.0,63.0,64.0,66.0,64.0/2.0
108,female,group B,associate's degree,free/reduced,none,52.0,76.0,70.0,52.0,70.0,76.0,66.0/12.0
109,female,group B,some high school,standard,none,70.0,64.0,72.0,64.0,70.0,72.0,69.0/4.0
110,female,group D,associate's degree,free/reduced,completed,77.0,89.0,98.0,77.0,89.0,98.0,88.0/11.0
111,male,group C,high school,standard,none,62.0,55.0,49.0,49.0,55.0,62.0,55.0/7.0
112,male,group A,associate's degree,standard,none,54.0,53.0,47.0,47.0,53.0,54.0,51.0/4.0
113,female,group D,some college,standard,none,51.0,58.0,54.0,51.0,54.0,58.0,54.0/4.0
114,female,group E,bachelor's degree,standard,completed,99.0,100.0,100.0,99.0,100.0,100.0,100.0/1.0
115,male,group C,high school,standard,none,84.0,77.0,74.0,74.0,77.0,84.0,78.0/5.0
116,female,group B,bachelor's degree,free/reduced,none,75.0,85.0,82.0,75.0,82.0,85.0,81.0/5.0
117,female,group D,bachelor's degree,standard,none,78.0,82.0,79.0,78.0,79.0,82.0,80.0/2.0
118,female,group D,some high school,standard,none,51.0,63.0,61.0,51.0,61.0,63.0,58.0/6.0
119,female,group C,some college,standard,none,55.0,69.0,65.0,55.0,65.0,69.0,63.0/7.0
120,female,group C,bachelor's degree,standard,completed,79.0,92.0,89.0,79.0,89.0,92.0,87.0/7.0
121,male,group B,associate's degree,standard,completed,91.0,89.0,92.0,89.0,91.0,92.0,91.0/2.0
122,female,group C,some college,standard,completed,88.0,93.0,93.0,88.0,93.0,93.0,91.0/3.0
123,male,group D,high school,free/reduced,none,63.0,57.0,56.0,56.0,57.0,63.0,59.0/4.0
124,male,group E,some college,standard,none,83.0,80.0,73.0,73.0,80.0,83.0,79.0/5.0
125,female,group B,high school,standard,none,87.0,95.0,86.0,86.0,87.0,95.0,89.0/5.0
126,male,group B,some high school,standard,none,72.0,68.0,67.0,67.0,68.0,72.0,69.0/3.0
127,male,group D,some college,standard,completed,65.0,77.0,74.0,65.0,74.0,77.0,72.0/6.0
128,male,group D,master's degree,standard,none,82.0,82.0,74.0,74.0,82.0,82.0,79.0/5.0
129,female,group A,bachelor's degree,standard,none,51.0,49.0,51.0,49.0,51.0,51.0,50.0/1.0
130,male,group D,master's degree,standard,none,89.0,84.0,82.0,82.0,84.0,89.0,85.0/4.0
131,male,group C,some high school,free/reduced,completed,53.0,37.0,40.0,37.0,40.0,53.0,43.0/9.0
132,male,group E,some college,free/reduced,completed,87.0,74.0,70.0,70.0,74.0,87.0,77.0/9.0
133,female,group C,some college,standard,completed,75.0,81.0,84.0,75.0,81.0,84.0,80.0/5.0
134,male,group D,bachelor's degree,free/reduced,completed,74.0,79.0,75.0,74.0,75.0,79.0,76.0/3.0
135,male,group C,bachelor's degree,standard,none,58.0,55.0,48.0,48.0,55.0,58.0,54.0/5.0
136,male,group B,some high school,standard,completed,51.0,54.0,41.0,41.0,51.0,54.0,49.0/7.0
137,male,group E,high school,standard,none,70.0,55.0,56.0,55.0,56.0,70.0,60.0/8.0
138,female,group C,associate's degree,standard,none,59.0,66.0,67.0,59.0,66.0,67.0,64.0/4.0
139,male,group D,some college,standard,completed,71.0,61.0,69.0,61.0,69.0,71.0,67.0/5.0
140,female,group D,some high school,standard,none,76.0,72.0,71.0,71.0,72.0,76.0,73.0/3.0
141,female,group C,some college,free/reduced,none,59.0,62.0,64.0,59.0,62.0,64.0,62.0/3.0
142,female,group E,some college,free/reduced,completed,42.0,55.0,54.0,42.0,54.0,55.0,50.0/7.0
143,male,group A,high school,standard,none,57.0,43.0,47.0,43.0,47.0,57.0,49.0/7.0
144,male,group D,some college,standard,none,88.0,73.0,78.0,73.0,78.0,88.0,80.0/8.0
145,female,group C,some college,free/reduced,none,22.0,39.0,33.0,22.0,33.0,39.0,31.0/9.0
146,male,group B,some high school,standard,none,88.0,84.0,75.0,75.0,84.0,88.0,82.0/7.0
147,male,group C,associate's degree,free/reduced,none,73.0,68.0,66.0,66.0,68.0,73.0,69.0/4.0
148,female,group D,bachelor's degree,standard,completed,68.0,75.0,81.0,68.0,75.0,81.0,75.0/7.0
149,male,group E,associate's degree,free/reduced,completed,100.0,100.0,93.0,93.0,100.0,100.0,98.0/4.0
150,male,group A,some high school,standard,completed,62.0,67.0,69.0,62.0,67.0,69.0,66.0/4.0
151,male,group A,bachelor's degree,standard,none,77.0,67.0,68.0,67.0,68.0,77.0,71.0/6.0
152,female,group B,associate's degree,standard,completed,59.0,70.0,66.0,59.0,66.0,70.0,65.0/6.0
153,male,group D,bachelor's degree,standard,none,54.0,49.0,47.0,47.0,49.0,54.0,50.0/4.0
154,male,group D,some high school,standard,none,62.0,67.0,61.0,61.0,62.0,67.0,63.0/3.0
155,female,group C,some college,standard,completed,70.0,89.0,88.0,70.0,88.0,89.0,82.0/11.0
156,female,group E,high school,free/reduced,completed,66.0,74.0,78.0,66.0,74.0,78.0,73.0/6.0
157,male,group B,some college,free/reduced,none,60.0,60.0,60.0,60.0,60.0,60.0,60.0/0.0
158,female,group B,associate's degree,standard,completed,61.0,86.0,87.0,61.0,86.0,87.0,78.0/15.0
159,male,group D,associate's degree,free/reduced,none,66.0,62.0,64.0,62.0,64.0,66.0,64.0/2.0
160,male,group B,associate's degree,free/reduced,completed,82.0,78.0,74.0,74.0,78.0,82.0,78.0/4.0
161,female,group E,some college,free/reduced,completed,75.0,88.0,85.0,75.0,85.0,88.0,83.0/7.0
162,male,group B,master's degree,free/reduced,none,49.0,53.0,52.0,49.0,52.0,53.0,51.0/2.0
163,male,group C,high school,standard,none,52.0,53.0,49.0,49.0,52.0,53.0,51.0/2.0
164,female,group E,master's degree,standard,none,81.0,92.0,91.0,81.0,91.0,92.0,88.0/6.0
165,female,group C,bachelor's degree,standard,completed,96.0,100.0,100.0,96.0,100.0,100.0,99.0/2.0
166,male,group C,high school,free/reduced,completed,53.0,51.0,51.0,51.0,51.0,53.0,52.0/1.0
167,female,group B,master's degree,free/reduced,completed,58.0,76.0,78.0,58.0,76.0,78.0,71.0/11.0
168,female,group B,high school,standard,completed,68.0,83.0,78.0,68.0,78.0,83.0,76.0/8.0
169,female,group C,some college,free/reduced,completed,67.0,75.0,70.0,67.0,70.0,75.0,71.0/4.0
170,male,group A,high school,standard,completed,72.0,73.0,74.0,72.0,73.0,74.0,73.0/1.0
171,male,group E,some high school,standard,none,94.0,88.0,78.0,78.0,88.0,94.0,87.0/8.0
172,female,group D,some college,standard,none,79.0,86.0,81.0,79.0,81.0,86.0,82.0/4.0
173,female,group C,associate's degree,standard,none,63.0,67.0,70.0,63.0,67.0,70.0,67.0/4.0
174,female,group C,bachelor's degree,free/reduced,completed,43.0,51.0,54.0,43.0,51.0,54.0,49.0/6.0
175,female,group C,master's degree,standard,completed,81.0,91.0,87.0,81.0,87.0,91.0,86.0/5.0
176,female,group B,high school,free/reduced,completed,46.0,54.0,58.0,46.0,54.0,58.0,53.0/6.0
177,female,group C,associate's degree,standard,completed,71.0,77.0,77.0,71.0,77.0,77.0,75.0/3.0
178,female,group B,master's degree,free/reduced,completed,52.0,70.0,62.0,52.0,62.0,70.0,61.0/9.0
179,female,group D,some high school,standard,completed,97.0,100.0,100.0,97.0,100.0,100.0,99.0/2.0
180,male,group C,master's degree,free/reduced,completed,62.0,68.0,75.0,62.0,68.0,75.0,68.0/7.0
181,female,group C,some college,free/reduced,none,46.0,64.0,66.0,46.0,64.0,66.0,59.0/11.0
182,female,group E,high school,standard,none,50.0,50.0,47.0,47.0,50.0,50.0,49.0/2.0
183,female,group D,associate's degree,standard,none,65.0,69.0,70.0,65.0,69.0,70.0,68.0/3.0
184,male,group C,some high school,free/reduced,completed,45.0,52.0,49.0,45.0,49.0,52.0,49.0/4.0
185,male,group C,associate's degree,free/reduced,completed,65.0,67.0,65.0,65.0,65.0,67.0,66.0/1.0
186,male,group E,high school,standard,none,80.0,76.0,65.0,65.0,76.0,80.0,74.0/8.0
187,male,group D,some high school,standard,completed,62.0,66.0,68.0,62.0,66.0,68.0,65.0/3.0
188,male,group B,some high school,free/reduced,none,48.0,52.0,45.0,45.0,48.0,52.0,48.0/4.0
189,female,group C,bachelor's degree,standard,none,77.0,88.0,87.0,77.0,87.0,88.0,84.0/6.0
190,female,group E,associate's degree,standard,none,66.0,65.0,69.0,65.0,66.0,69.0,67.0/2.0
191,male,group D,some college,standard,completed,76.0,83.0,79.0,76.0,79.0,83.0,79.0/4.0
192,female,group B,some high school,standard,none,62.0,64.0,66.0,62.0,64.0,66.0,64.0/2.0
193,male,group D,some college,standard,completed,77.0,62.0,62.0,62.0,62.0,77.0,67.0/9.0
194,female,group C,master's degree,standard,completed,69.0,84.0,85.0,69.0,84.0,85.0,79.0/9.0
195,male,group D,associate's degree,standard,none,61.0,55.0,52.0,52.0,55.0,61.0,56.0/5.0
196,male,group C,some high school,free/reduced,completed,59.0,69.0,65.0,59.0,65.0,69.0,64.0/5.0
197,male,group E,high school,free/reduced,none,55.0,56.0,51.0,51.0,55.0,56.0,54.0/3.0
198,female,group B,some college,free/reduced,none,45.0,53.0,55.0,45.0,53.0,55.0,51.0/5.0
199,female,group B,bachelor's degree,free/reduced,none,78.0,79.0,76.0,76.0,78.0,79.0,78.0/2.0
200,female,group C,associate's degree,standard,completed,67.0,84.0,86.0,67.0,84.0,86.0,79.0/10.0
201,female,group D,some college,free/reduced,none,65.0,81.0,77.0,65.0,77.0,81.0,74.0/8.0
202,male,group C,associate's degree,standard,none,69.0,77.0,69.0,69.0,69.0,77.0,72.0/5.0
203,female,group B,associate's degree,standard,none,57.0,69.0,68.0,57.0,68.0,69.0,65.0/7.0
204,male,group C,some college,standard,none,59.0,41.0,42.0,41.0,42.0,59.0,47.0/10.0
205,male,group D,some high school,standard,completed,74.0,71.0,78.0,71.0,74.0,78.0,74.0/4.0
206,male,group E,bachelor's degree,standard,none,82.0,62.0,62.0,62.0,62.0,82.0,69.0/12.0
207,male,group E,high school,standard,completed,81.0,80.0,76.0,76.0,80.0,81.0,79.0/3.0
208,female,group B,some college,free/reduced,none,74.0,81.0,76.0,74.0,76.0,81.0,77.0/4.0
209,female,group B,some college,free/reduced,none,58.0,61.0,66.0,58.0,61.0,66.0,62.0/4.0
210,male,group D,some high school,free/reduced,completed,80.0,79.0,79.0,79.0,79.0,80.0,79.0/1.0
211,male,group C,some college,free/reduced,none,35.0,28.0,27.0,27.0,28.0,35.0,30.0/4.0
212,female,group C,high school,free/reduced,none,42.0,62.0,60.0,42.0,60.0,62.0,55.0/11.0
213,male,group C,associate's degree,free/reduced,completed,60.0,51.0,56.0,51.0,56.0,60.0,56.0/5.0
214,male,group E,high school,standard,completed,87.0,91.0,81.0,81.0,87.0,91.0,86.0/5.0
215,male,group B,some high school,standard,completed,84.0,83.0,75.0,75.0,83.0,84.0,81.0/5.0
216,female,group E,associate's degree,free/reduced,completed,83.0,86.0,88.0,83.0,86.0,88.0,86.0/3.0
217,female,group C,high school,free/reduced,none,34.0,42.0,39.0,34.0,39.0,42.0,38.0/4.0
218,male,group B,high school,free/reduced,none,66.0,77.0,70.0,66.0,70.0,77.0,71.0/6.0
219,male,group B,some high school,standard,completed,61.0,56.0,56.0,56.0,56.0,61.0,58.0/3.0
220,female,group D,high school,standard,completed,56.0,68.0,74.0,56.0,68.0,74.0,66.0/9.0
221,male,group B,associate's degree,standard,none,87.0,85.0,73.0,73.0,85.0,87.0,82.0/8.0
222,female,group C,some high school,free/reduced,none,55.0,65.0,62.0,55.0,62.0,65.0,61.0/5.0
223,male,group D,some high school,standard,none,86.0,80.0,75.0,75.0,80.0,86.0,80.0/6.0
224,female,group B,associate's degree,standard,completed,52.0,66.0,73.0,52.0,66.0,73.0,64.0/11.0
225,female,group E,master's degree,free/reduced,none,45.0,56.0,54.0,45.0,54.0,56.0,52.0/6.0
226,female,group C,some college,standard,none,72.0,72.0,71.0,71.0,72.0,72.0,72.0/1.0
227,male,group D,high school,standard,none,57.0,50.0,54.0,50.0,54.0,57.0,54.0/4.0
228,male,group A,some high school,free/reduced,none,68.0,72.0,64.0,64.0,68.0,72.0,68.0/4.0
229,female,group C,some college,standard,completed,88.0,95.0,94.0,88.0,94.0,95.0,92.0/4.0
230,male,group D,some college,standard,none,76.0,64.0,66.0,64.0,66.0,76.0,69.0/6.0
231,male,group C,associate's degree,standard,none,46.0,43.0,42.0,42.0,43.0,46.0,44.0/2.0
232,female,group B,bachelor's degree,standard,none,67.0,86.0,83.0,67.0,83.0,86.0,79.0/10.0
233,male,group E,some high school,standard,none,92.0,87.0,78.0,78.0,87.0,92.0,86.0/7.0
234,male,group C,bachelor's degree,standard,completed,83.0,82.0,84.0,82.0,83.0,84.0,83.0/1.0
235,male,group D,associate's degree,standard,none,80.0,75.0,77.0,75.0,77.0,80.0,77.0/3.0
236,male,group D,bachelor's degree,free/reduced,none,63.0,66.0,67.0,63.0,66.0,67.0,65.0/2.0
237,female,group D,some high school,standard,completed,64.0,60.0,74.0,60.0,64.0,74.0,66.0/7.0
238,male,group B,some college,standard,none,54.0,52.0,51.0,51.0,52.0,54.0,52.0/2.0
239,male,group C,associate's degree,standard,none,84.0,80.0,80.0,80.0,80.0,84.0,81.0/2.0
240,male,group D,high school,free/reduced,completed,73.0,68.0,66.0,66.0,68.0,73.0,69.0/4.0
241,female,group E,bachelor's degree,standard,none,80.0,83.0,83.0,80.0,83.0,83.0,82.0/2.0
242,female,group D,high school,standard,none,56.0,52.0,55.0,52.0,55.0,56.0,54.0/2.0
243,male,group E,some college,standard,none,59.0,51.0,43.0,43.0,51.0,59.0,51.0/8.0
244,male,group D,some high school,standard,none,75.0,74.0,69.0,69.0,74.0,75.0,73.0/3.0
245,male,group C,associate's degree,standard,none,85.0,76.0,71.0,71.0,76.0,85.0,77.0/7.0
246,male,group E,associate's degree,standard,none,89.0,76.0,74.0,74.0,76.0,89.0,80.0/8.0
247,female,group B,high school,standard,completed,58.0,70.0,68.0,58.0,68.0,70.0,65.0/6.0
248,female,group B,high school,standard,none,65.0,64.0,62.0,62.0,64.0,65.0,64.0/2.0
249,male,group C,high school,standard,none,68.0,60.0,53.0,53.0,60.0,68.0,60.0/8.0
250,male,group A,some high school,standard,completed,47.0,49.0,49.0,47.0,49.0,49.0,48.0/1.0
251,female,group D,some college,free/reduced,none,71.0,83.0,83.0,71.0,83.0,83.0,79.0/7.0
252,female,group B,some high school,standard,completed,60.0,70.0,70.0,60.0,70.0,70.0,67.0/6.0
253,male,group D,master's degree,standard,none,80.0,80.0,72.0,72.0,80.0,80.0,77.0/5.0
254,male,group D,high school,standard,none,54.0,52.0,52.0,52.0,52.0,54.0,53.0/1.0
255,female,group E,some college,standard,none,62.0,73.0,70.0,62.0,70.0,73.0,68.0/6.0
256,female,group C,associate's degree,free/reduced,none,64.0,73.0,68.0,64.0,68.0,73.0,68.0/5.0
257,male,group C,associate's degree,standard,completed,78.0,77.0,77.0,77.0,77.0,78.0,77.0/1.0
258,female,group B,some college,standard,none,70.0,75.0,78.0,70.0,75.0,78.0,74.0/4.0
259,female,group C,master's degree,free/reduced,completed,65.0,81.0,81.0,65.0,81.0,81.0,76.0/9.0
260,female,group C,some high school,free/reduced,completed,64.0,79.0,77.0,64.0,77.0,79.0,73.0/8.0
261,male,group C,some college,standard,completed,79.0,79.0,78.0,78.0,79.0,79.0,79.0/1.0
262,female,group C,some high school,free/reduced,none,44.0,50.0,51.0,44.0,50.0,51.0,48.0/4.0
263,female,group E,high school,standard,none,99.0,93.0,90.0,90.0,93.0,99.0,94.0/5.0
264,male,group D,high school,standard,none,76.0,73.0,68.0,68.0,73.0,76.0,72.0/4.0
265,male,group D,some high school,free/reduced,none,59.0,42.0,41.0,41.0,42.0,59.0,47.0/10.0
266,female,group C,bachelor's degree,standard,none,63.0,75.0,81.0,63.0,75.0,81.0,73.0/9.0
267,female,group D,high school,standard,none,69.0,72.0,77.0,69.0,72.0,77.0,73.0/4.0
268,female,group D,associate's degree,standard,completed,88.0,92.0,95.0,88.0,92.0,95.0,92.0/4.0
269,female,group E,some college,free/reduced,none,71.0,76.0,70.0,70.0,71.0,76.0,72.0/3.0
270,male,group C,bachelor's degree,standard,none,69.0,63.0,61.0,61.0,63.0,69.0,64.0/4.0
271,male,group C,some college,standard,none,58.0,49.0,42.0,42.0,49.0,58.0,50.0/8.0
272,female,group D,associate's degree,free/reduced,none,47.0,53.0,58.0,47.0,53.0,58.0,53.0/6.0
273,female,group D,some college,standard,none,65.0,70.0,71.0,65.0,70.0,71.0,69.0/3.0
274,male,group B,some college,standard,completed,88.0,85.0,76.0,76.0,85.0,88.0,83.0/6.0
275,male,group C,bachelor's degree,standard,none,83.0,78.0,73.0,73.0,78.0,83.0,78.0/5.0
276,female,group C,some high school,standard,completed,85.0,92.0,93.0,85.0,92.0,93.0,90.0/4.0
277,female,group E,high school,standard,completed,59.0,63.0,75.0,59.0,63.0,75.0,66.0/8.0
278,female,group C,some high school,free/reduced,none,65.0,86.0,80.0,65.0,80.0,86.0,77.0/11.0
279,male,group B,bachelor's degree,free/reduced,none,73.0,56.0,57.0,56.0,57.0,73.0,62.0/10.0
280,male,group D,high school,standard,none,53.0,52.0,42.0,42.0,52.0,53.0,49.0/6.0
281,male,group D,high school,standard,none,45.0,48.0,46.0,45.0,46.0,48.0,46.0/2.0
282,female,group D,bachelor's degree,free/reduced,none,73.0,79.0,84.0,73.0,79.0,84.0,79.0/6.0
283,female,group D,some college,free/reduced,completed,70.0,78.0,78.0,70.0,78.0,78.0,75.0/5.0
284,female,group B,some high school,standard,none,37.0,46.0,46.0,37.0,46.0,46.0,43.0/5.0
285,male,group B,associate's degree,standard,completed,81.0,82.0,82.0,81.0,82.0,82.0,82.0/1.0
286,male,group E,associate's degree,standard,completed,97.0,82.0,88.0,82.0,88.0,97.0,89.0/8.0
287,female,group B,some high school,standard,none,67.0,89.0,82.0,67.0,82.0,89.0,79.0/11.0
288,male,group B,bachelor's degree,free/reduced,none,88.0,75.0,76.0,75.0,76.0,88.0,80.0/7.0
289,male,group E,some high school,standard,completed,77.0,76.0,77.0,76.0,77.0,77.0,77.0/1.0
290,male,group C,associate's degree,standard,none,76.0,70.0,68.0,68.0,70.0,76.0,71.0/4.0
291,male,group D,some high school,standard,none,86.0,73.0,70.0,70.0,73.0,86.0,76.0/9.0
292,male,group C,some high school,standard,completed,63.0,60.0,57.0,57.0,60.0,63.0,60.0/3.0
293,female,group E,bachelor's degree,standard,none,65.0,73.0,75.0,65.0,73.0,75.0,71.0/5.0
294,male,group D,high school,free/reduced,completed,78.0,77.0,80.0,77.0,78.0,80.0,78.0/2.0
295,male,group B,associate's degree,free/reduced,none,67.0,62.0,60.0,60.0,62.0,67.0,63.0/4.0
296,male,group A,some high school,standard,completed,46.0,41.0,43.0,41.0,43.0,46.0,43.0/3.0
297,male,group E,associate's degree,standard,completed,71.0,74.0,68.0,68.0,71.0,74.0,71.0/3.0
298,male,group C,high school,free/reduced,completed,40.0,46.0,50.0,40.0,46.0,50.0,45.0/5.0
299,male,group D,associate's degree,free/reduced,none,90.0,87.0,75.0,75.0,87.0,90.0,84.0/8.0
300,male,group A,some college,free/reduced,completed,81.0,78.0,81.0,78.0,81.0,81.0,80.0/2.0
301,male,group D,some high school,free/reduced,none,56.0,54.0,52.0,52.0,54.0,56.0,54.0/2.0
302,female,group C,associate's degree,standard,completed,67.0,84.0,81.0,67.0,81.0,84.0,77.0/9.0
303,male,group B,associate's degree,standard,none,80.0,76.0,64.0,64.0,76.0,80.0,73.0/8.0
304,female,group C,associate's degree,standard,completed,74.0,75.0,83.0,74.0,75.0,83.0,77.0/5.0
305,male,group A,some college,standard,none,69.0,67.0,69.0,67.0,69.0,69.0,68.0/1.0
306,male,group E,some college,standard,completed,99.0,87.0,81.0,81.0,87.0,99.0,89.0/9.0
307,male,group C,some high school,standard,none,51.0,52.0,44.0,44.0,51.0,52.0,49.0/4.0
308,female,group B,associate's degree,free/reduced,none,53.0,71.0,67.0,53.0,67.0,71.0,64.0/9.0
309,female,group D,high school,free/reduced,none,49.0,57.0,52.0,49.0,52.0,57.0,53.0/4.0
310,female,group B,associate's degree,standard,none,73.0,76.0,80.0,73.0,76.0,80.0,76.0/4.0
311,male,group B,bachelor's degree,standard,none,66.0,60.0,57.0,57.0,60.0,66.0,61.0/5.0
312,male,group D,bachelor's degree,standard,completed,67.0,61.0,68.0,61.0,67.0,68.0,65.0/4.0
313,female,group C,associate's degree,free/reduced,completed,68.0,67.0,69.0,67.0,68.0,69.0,68.0/1.0
314,female,group C,bachelor's degree,standard,completed,59.0,64.0,75.0,59.0,64.0,75.0,66.0/8.0
315,male,group C,high school,standard,none,71.0,66.0,65.0,65.0,66.0,71.0,67.0/3.0
316,female,group D,master's degree,standard,completed,77.0,82.0,91.0,77.0,82.0,91.0,83.0/7.0
317,male,group C,associate's degree,standard,none,83.0,72.0,78.0,72.0,78.0,83.0,78.0/6.0
318,male,group B,bachelor's degree,standard,none,63.0,71.0,69.0,63.0,69.0,71.0,68.0/4.0
319,female,group D,associate's degree,free/reduced,none,56.0,65.0,63.0,56.0,63.0,65.0,61.0/5.0
320,female,group C,high school,free/reduced,completed,67.0,79.0,84.0,67.0,79.0,84.0,77.0/9.0
321,female,group E,high school,standard,none,75.0,86.0,79.0,75.0,79.0,86.0,80.0/6.0
322,female,group C,some college,standard,none,71.0,81.0,80.0,71.0,80.0,81.0,77.0/6.0
323,female,group C,some high school,free/reduced,none,43.0,53.0,53.0,43.0,53.0,53.0,50.0/6.0
324,female,group C,high school,free/reduced,none,41.0,46.0,43.0,41.0,43.0,46.0,43.0/3.0
325,female,group C,some college,standard,none,82.0,90.0,94.0,82.0,90.0,94.0,89.0/6.0
326,male,group C,some college,standard,none,61.0,61.0,62.0,61.0,61.0,62.0,61.0/1.0
327,male,group A,some college,free/reduced,none,28.0,23.0,19.0,19.0,23.0,28.0,23.0/5.0
328,male,group C,associate's degree,standard,completed,82.0,75.0,77.0,75.0,77.0,82.0,78.0/4.0
329,female,group B,some high school,standard,none,41.0,55.0,51.0,41.0,51.0,55.0,49.0/7.0
330,male,group C,high school,standard,none,71.0,60.0,61.0,60.0,61.0,71.0,64.0/6.0
331,male,group C,associate's degree,standard,none,47.0,37.0,35.0,35.0,37.0,47.0,40.0/6.0
332,male,group E,associate's degree,standard,completed,62.0,56.0,53.0,53.0,56.0,62.0,57.0/5.0
333,male,group B,associate's degree,standard,none,90.0,78.0,81.0,78.0,81.0,90.0,83.0/6.0
334,female,group C,bachelor's degree,standard,none,83.0,93.0,95.0,83.0,93.0,95.0,90.0/6.0
335,female,group B,some college,free/reduced,none,61.0,68.0,66.0,61.0,66.0,68.0,65.0/4.0
336,male,group D,some high school,standard,completed,76.0,70.0,69.0,69.0,70.0,76.0,72.0/4.0
337,male,group C,associate's degree,standard,none,49.0,51.0,43.0,43.0,49.0,51.0,48.0/4.0
338,female,group B,some high school,free/reduced,none,24.0,38.0,27.0,24.0,27.0,38.0,30.0/7.0
339,female,group D,some high school,free/reduced,completed,35.0,55.0,60.0,35.0,55.0,60.0,50.0/13.0
340,male,group C,high school,free/reduced,none,58.0,61.0,52.0,52.0,58.0,61.0,57.0/5.0
341,female,group C,high school,standard,none,61.0,73.0,63.0,61.0,63.0,73.0,66.0/6.0
342,female,group B,high school,standard,completed,69.0,76.0,74.0,69.0,74.0,76.0,73.0/4.0
343,male,group D,associate's degree,standard,completed,67.0,72.0,67.0,67.0,67.0,72.0,69.0/3.0
344,male,group D,some college,standard,none,79.0,73.0,67.0,67.0,73.0,79.0,73.0/6.0
345,female,group C,high school,standard,none,72.0,80.0,75.0,72.0,75.0,80.0,76.0/4.0
346,male,group B,some college,standard,none,62.0,61.0,57.0,57.0,61.0,62.0,60.0/3.0
347,female,group C,bachelor's degree,standard,completed,77.0,94.0,95.0,77.0,94.0,95.0,89.0/10.0
348,male,group D,high school,free/reduced,none,75.0,74.0,66.0,66.0,74.0,75.0,72.0/5.0
349,male,group E,associate's degree,standard,none,87.0,74.0,76.0,74.0,76.0,87.0,79.0/7.0
350,female,group B,bachelor's degree,standard,none,52.0,65.0,69.0,52.0,65.0,69.0,62.0/9.0
351,male,group E,some college,standard,none,66.0,57.0,52.0,52.0,57.0,66.0,58.0/7.0
352,female,group C,some college,standard,completed,63.0,78.0,80.0,63.0,78.0,80.0,74.0/9.0
353,female,group C,associate's degree,standard,none,46.0,58.0,57.0,46.0,57.0,58.0,54.0/7.0
354,female,group C,some college,standard,none,59.0,71.0,70.0,59.0,70.0,71.0,67.0/7.0
355,female,group B,bachelor's degree,standard,none,61.0,72.0,70.0,61.0,70.0,72.0,68.0/6.0
356,male,group A,associate's degree,standard,none,63.0,61.0,61.0,61.0,61.0,63.0,62.0/1.0
357,female,group C,some college,free/reduced,completed,42.0,66.0,69.0,42.0,66.0,69.0,59.0/15.0
358,male,group D,some college,free/reduced,none,59.0,62.0,61.0,59.0,61.0,62.0,61.0/2.0
359,female,group D,some college,standard,none,80.0,90.0,89.0,80.0,89.0,90.0,86.0/6.0
360,female,group B,high school,standard,none,58.0,62.0,59.0,58.0,59.0,62.0,60.0/2.0
361,male,group B,some high school,standard,completed,85.0,84.0,78.0,78.0,84.0,85.0,82.0/4.0
362,female,group C,some college,standard,none,52.0,58.0,58.0,52.0,58.0,58.0,56.0/3.0
363,female,group D,some high school,free/reduced,none,27.0,34.0,32.0,27.0,32.0,34.0,31.0/4.0
364,male,group C,some college,standard,none,59.0,60.0,58.0,58.0,59.0,60.0,59.0/1.0
365,male,group A,bachelor's degree,free/reduced,completed,49.0,58.0,60.0,49.0,58.0,60.0,56.0/6.0
366,male,group C,high school,standard,completed,69.0,58.0,53.0,53.0,58.0,69.0,60.0/8.0
367,male,group C,bachelor's degree,free/reduced,none,61.0,66.0,61.0,61.0,61.0,66.0,63.0/3.0
368,female,group A,some high school,free/reduced,none,44.0,64.0,58.0,44.0,58.0,64.0,55.0/10.0
369,female,group D,some high school,standard,none,73.0,84.0,85.0,73.0,84.0,85.0,81.0/7.0
370,male,group E,some college,standard,none,84.0,77.0,71.0,71.0,77.0,84.0,77.0/7.0
371,female,group C,some college,free/reduced,completed,45.0,73.0,70.0,45.0,70.0,73.0,63.0/15.0
372,male,group D,some high school,standard,none,74.0,74.0,72.0,72.0,74.0,74.0,73.0/1.0
373,female,group D,some college,standard,completed,82.0,97.0,96.0,82.0,96.0,97.0,92.0/8.0
374,female,group D,bachelor's degree,standard,none,59.0,70.0,73.0,59.0,70.0,73.0,67.0/7.0
375,male,group E,associate's degree,free/reduced,none,46.0,43.0,41.0,41.0,43.0,46.0,43.0/3.0
376,female,group D,some high school,standard,none,80.0,90.0,82.0,80.0,82.0,90.0,84.0/5.0
377,female,group D,master's degree,free/reduced,completed,85.0,95.0,100.0,85.0,95.0,100.0,93.0/8.0
378,female,group A,some high school,standard,none,71.0,83.0,77.0,71.0,77.0,83.0,77.0/6.0
379,male,group A,bachelor's degree,standard,none,66.0,64.0,62.0,62.0,64.0,66.0,64.0/2.0
380,female,group B,associate's degree,standard,none,80.0,86.0,83.0,80.0,83.0,86.0,83.0/3.0
381,male,group C,associate's degree,standard,completed,87.0,100.0,95.0,87.0,95.0,100.0,94.0/7.0
382,male,group C,master's degree,free/reduced,none,79.0,81.0,71.0,71.0,79.0,81.0,77.0/5.0
383,female,group E,some high school,free/reduced,none,38.0,49.0,45.0,38.0,45.0,49.0,44.0/6.0
384,female,group A,some high school,free/reduced,none,38.0,43.0,43.0,38.0,43.0,43.0,41.0/3.0
385,female,group E,some college,standard,none,67.0,76.0,75.0,67.0,75.0,76.0,73.0/5.0
386,female,group E,bachelor's degree,standard,none,64.0,73.0,70.0,64.0,70.0,73.0,69.0/5.0
387,female,group C,associate's degree,free/reduced,none,57.0,78.0,67.0,57.0,67.0,78.0,67.0/11.0
388,female,group D,high school,standard,none,62.0,64.0,64.0,62.0,64.0,64.0,63.0/1.0
389,male,group D,master's degree,standard,none,73.0,70.0,75.0,70.0,73.0,75.0,73.0/3.0
390,male,group E,some high school,free/reduced,completed,73.0,67.0,59.0,59.0,67.0,73.0,66.0/7.0
391,female,group D,some college,standard,none,77.0,68.0,77.0,68.0,77.0,77.0,74.0/5.0
392,male,group E,some college,standard,none,76.0,67.0,67.0,67.0,67.0,76.0,70.0/5.0
393,male,group C,associate's degree,standard,completed,57.0,54.0,56.0,54.0,56.0,57.0,56.0/2.0
394,female,group C,some high school,standard,completed,65.0,74.0,77.0,65.0,74.0,77.0,72.0/6.0
395,male,group A,high school,free/reduced,none,48.0,45.0,41.0,41.0,45.0,48.0,45.0/4.0
396,female,group B,high school,free/reduced,none,50.0,67.0,63.0,50.0,63.0,67.0,60.0/9.0
397,female,group C,associate's degree,standard,none,85.0,89.0,95.0,85.0,89.0,95.0,90.0/5.0
398,male,group B,some high school,standard,none,74.0,63.0,57.0,57.0,63.0,74.0,65.0/9.0
399,male,group D,some high school,standard,none,60.0,59.0,54.0,54.0,59.0,60.0,58.0/3.0
400,female,group C,some high school,standard,completed,59.0,54.0,67.0,54.0,59.0,67.0,60.0/7.0
401,male,group A,some college,standard,none,53.0,43.0,43.0,43.0,43.0,53.0,46.0/6.0
402,female,group A,some college,free/reduced,none,49.0,65.0,55.0,49.0,55.0,65.0,56.0/8.0
403,female,group D,high school,standard,completed,88.0,99.0,100.0,88.0,99.0,100.0,96.0/7.0
404,female,group C,high school,standard,none,54.0,59.0,62.0,54.0,59.0,62.0,58.0/4.0
405,female,group C,some high school,standard,none,63.0,73.0,68.0,63.0,68.0,73.0,68.0/5.0
406,male,group B,associate's degree,standard,completed,65.0,65.0,63.0,63.0,65.0,65.0,64.0/1.0
407,female,group B,associate's degree,standard,none,82.0,80.0,77.0,77.0,80.0,82.0,80.0/3.0
408,female,group D,high school,free/reduced,completed,52.0,57.0,56.0,52.0,56.0,57.0,55.0/3.0
409,male,group D,associate's degree,standard,completed,87.0,84.0,85.0,84.0,85.0,87.0,85.0/2.0
410,female,group D,master's degree,standard,completed,70.0,71.0,74.0,70.0,71.0,74.0,72.0/2.0
411,male,group E,some college,standard,completed,84.0,83.0,78.0,78.0,83.0,84.0,82.0/3.0
412,male,group D,associate's degree,standard,none,71.0,66.0,60.0,60.0,66.0,71.0,66.0/6.0
413,male,group B,some high school,standard,completed,63.0,67.0,67.0,63.0,67.0,67.0,66.0/2.0
414,female,group C,bachelor's degree,free/reduced,completed,51.0,72.0,79.0,51.0,72.0,79.0,67.0/15.0
415,male,group E,high school,standard,none,84.0,73.0,69.0,69.0,73.0,84.0,75.0/8.0
416,male,group C,bachelor's degree,standard,completed,71.0,74.0,68.0,68.0,71.0,74.0,71.0/3.0
417,male,group C,associate's degree,standard,none,74.0,73.0,67.0,67.0,73.0,74.0,71.0/4.0
418,male,group D,some college,standard,none,68.0,59.0,62.0,59.0,62.0,68.0,63.0/5.0
419,male,group E,high school,free/reduced,completed,57.0,56.0,54.0,54.0,56.0,57.0,56.0/2.0
420,female,group C,associate's degree,free/reduced,completed,82.0,93.0,93.0,82.0,93.0,93.0,89.0/6.0
421,female,group D,high school,standard,completed,57.0,58.0,64.0,57.0,58.0,64.0,60.0/4.0
422,female,group D,master's degree,free/reduced,completed,47.0,58.0,67.0,47.0,58.0,67.0,57.0/10.0
423,female,group A,some high school,standard,completed,59.0,85.0,80.0,59.0,80.0,85.0,75.0/14.0
424,male,group B,some college,free/reduced,none,41.0,39.0,34.0,34.0,39.0,41.0,38.0/4.0
425,female,group C,some college,free/reduced,none,62.0,67.0,62.0,62.0,62.0,67.0,64.0/3.0
426,male,group C,bachelor's degree,standard,none,86.0,83.0,86.0,83.0,86.0,86.0,85.0/2.0
427,male,group C,some high school,free/reduced,none,69.0,71.0,65.0,65.0,69.0,71.0,68.0/3.0
428,male,group A,some high school,free/reduced,none,65.0,59.0,53.0,53.0,59.0,65.0,59.0/6.0
429,male,group C,some high school,free/reduced,none,68.0,63.0,54.0,54.0,63.0,68.0,62.0/7.0
430,male,group C,associate's degree,free/reduced,none,64.0,66.0,59.0,59.0,64.0,66.0,63.0/4.0
431,female,group C,high school,standard,none,61.0,72.0,70.0,61.0,70.0,72.0,68.0/6.0
432,male,group C,high school,standard,none,61.0,56.0,55.0,55.0,56.0,61.0,57.0/3.0
433,female,group A,some high school,free/reduced,none,47.0,59.0,50.0,47.0,50.0,59.0,52.0/6.0
434,male,group C,some high school,standard,none,73.0,66.0,66.0,66.0,66.0,73.0,68.0/4.0
435,male,group C,some college,free/reduced,completed,50.0,48.0,53.0,48.0,50.0,53.0,50.0/3.0
436,male,group D,associate's degree,standard,none,75.0,68.0,64.0,64.0,68.0,75.0,69.0/6.0
437,male,group D,associate's degree,free/reduced,none,75.0,66.0,73.0,66.0,73.0,75.0,71.0/5.0
438,male,group C,high school,standard,none,70.0,56.0,51.0,51.0,56.0,70.0,59.0/10.0
439,male,group D,some high school,standard,completed,89.0,88.0,82.0,82.0,88.0,89.0,86.0/4.0
440,female,group C,some college,standard,completed,67.0,81.0,79.0,67.0,79.0,81.0,76.0/8.0
441,female,group D,high school,standard,none,78.0,81.0,80.0,78.0,80.0,81.0,80.0/2.0
442,female,group A,some high school,free/reduced,none,59.0,73.0,69.0,59.0,69.0,73.0,67.0/7.0
443,female,group B,associate's degree,standard,none,73.0,83.0,76.0,73.0,76.0,83.0,77.0/5.0
444,male,group A,some high school,free/reduced,none,79.0,82.0,73.0,73.0,79.0,82.0,78.0/5.0
445,female,group C,some high school,standard,completed,67.0,74.0,77.0,67.0,74.0,77.0,73.0/5.0
446,male,group D,some college,free/reduced,none,69.0,66.0,60.0,60.0,66.0,69.0,65.0/5.0
447,male,group C,high school,standard,completed,86.0,81.0,80.0,80.0,81.0,86.0,82.0/3.0
448,male,group B,high school,standard,none,47.0,46.0,42.0,42.0,46.0,47.0,45.0/3.0
449,male,group B,associate's degree,standard,none,81.0,73.0,72.0,72.0,73.0,81.0,75.0/5.0
450,female,group C,some college,free/reduced,completed,64.0,85.0,85.0,64.0,85.0,85.0,78.0/12.0
451,female,group E,some college,standard,none,100.0,92.0,97.0,92.0,97.0,100.0,96.0/4.0
452,female,group C,associate's degree,free/reduced,none,65.0,77.0,74.0,65.0,74.0,77.0,72.0/6.0
453,male,group C,some college,free/reduced,none,65.0,58.0,49.0,49.0,58.0,65.0,57.0/8.0
454,female,group C,associate's degree,free/reduced,none,53.0,61.0,62.0,53.0,61.0,62.0,59.0/5.0
455,male,group C,bachelor's degree,free/reduced,none,37.0,56.0,47.0,37.0,47.0,56.0,47.0/10.0
456,female,group D,bachelor's degree,standard,none,79.0,89.0,89.0,79.0,89.0,89.0,86.0/6.0
457,male,group D,associate's degree,free/reduced,none,53.0,54.0,48.0,48.0,53.0,54.0,52.0/3.0
458,female,group E,bachelor's degree,standard,none,100.0,100.0,100.0,100.0,100.0,100.0,100.0/0.0
459,male,group B,high school,standard,completed,72.0,65.0,68.0,65.0,68.0,72.0,68.0/4.0
460,male,group C,bachelor's degree,free/reduced,none,53.0,58.0,55.0,53.0,55.0,58.0,55.0/3.0
461,male,group B,some college,free/reduced,none,54.0,54.0,45.0,45.0,54.0,54.0,51.0/5.0
462,female,group E,some college,standard,none,71.0,70.0,76.0,70.0,71.0,76.0,72.0/3.0
463,female,group C,some college,free/reduced,none,77.0,90.0,91.0,77.0,90.0,91.0,86.0/8.0
464,male,group A,bachelor's degree,standard,completed,75.0,58.0,62.0,58.0,62.0,75.0,65.0/9.0
465,female,group C,some college,standard,none,84.0,87.0,91.0,84.0,87.0,91.0,87.0/4.0
466,female,group D,associate's degree,free/reduced,none,26.0,31.0,38.0,26.0,31.0,38.0,32.0/6.0
467,male,group A,high school,free/reduced,completed,72.0,67.0,65.0,65.0,67.0,72.0,68.0/4.0
468,female,group A,high school,free/reduced,completed,77.0,88.0,85.0,77.0,85.0,88.0,83.0/6.0
469,male,group C,some college,standard,none,91.0,74.0,76.0,74.0,76.0,91.0,80.0/9.0
470,female,group C,associate's degree,standard,completed,83.0,85.0,90.0,83.0,85.0,90.0,86.0/4.0
471,female,group C,high school,standard,none,63.0,69.0,74.0,63.0,69.0,74.0,69.0/6.0
472,female,group C,associate's degree,standard,completed,68.0,86.0,84.0,68.0,84.0,86.0,79.0/10.0
473,female,group D,some high school,standard,none,59.0,67.0,61.0,59.0,61.0,67.0,62.0/4.0
474,female,group B,associate's degree,standard,completed,90.0,90.0,91.0,90.0,90.0,91.0,90.0/1.0
475,female,group D,bachelor's degree,standard,completed,71.0,76.0,83.0,71.0,76.0,83.0,77.0/6.0
476,male,group E,bachelor's degree,standard,completed,76.0,62.0,66.0,62.0,66.0,76.0,68.0/7.0
477,male,group D,associate's degree,standard,none,80.0,68.0,72.0,68.0,72.0,80.0,73.0/6.0
478,female,group D,master's degree,standard,none,55.0,64.0,70.0,55.0,64.0,70.0,63.0/8.0
479,male,group E,associate's degree,standard,none,76.0,71.0,67.0,67.0,71.0,76.0,71.0/5.0
480,male,group B,high school,standard,completed,73.0,71.0,68.0,68.0,71.0,73.0,71.0/3.0
481,female,group D,associate's degree,free/reduced,none,52.0,59.0,56.0,52.0,56.0,59.0,56.0/4.0
482,male,group C,some college,free/reduced,none,68.0,68.0,61.0,61.0,68.0,68.0,66.0/4.0
483,male,group A,high school,standard,none,59.0,52.0,46.0,46.0,52.0,59.0,52.0/7.0
484,female,group B,associate's degree,standard,none,49.0,52.0,54.0,49.0,52.0,54.0,52.0/3.0
485,male,group C,high school,standard,none,70.0,74.0,71.0,70.0,71.0,74.0,72.0/2.0
486,male,group D,some college,free/reduced,none,61.0,47.0,56.0,47.0,56.0,61.0,55.0/7.0
487,female,group C,associate's degree,free/reduced,none,60.0,75.0,74.0,60.0,74.0,75.0,70.0/8.0
488,male,group B,some high school,standard,completed,64.0,53.0,57.0,53.0,57.0,64.0,58.0/6.0
489,male,group A,associate's degree,free/reduced,completed,79.0,82.0,82.0,79.0,82.0,82.0,81.0/2.0
490,female,group A,associate's degree,free/reduced,none,65.0,85.0,76.0,65.0,76.0,85.0,75.0/10.0
491,female,group C,associate's degree,standard,none,64.0,64.0,70.0,64.0,64.0,70.0,66.0/3.0
492,female,group C,some college,standard,none,83.0,83.0,90.0,83.0,83.0,90.0,85.0/4.0
493,female,group C,bachelor's degree,standard,none,81.0,88.0,90.0,81.0,88.0,90.0,86.0/5.0
494,female,group B,high school,standard,none,54.0,64.0,68.0,54.0,64.0,68.0,62.0/7.0
495,male,group D,high school,standard,completed,68.0,64.0,66.0,64.0,66.0,68.0,66.0/2.0
496,female,group C,some college,standard,none,54.0,48.0,52.0,48.0,52.0,54.0,51.0/3.0
497,female,group D,some college,free/reduced,completed,59.0,78.0,76.0,59.0,76.0,78.0,71.0/10.0
498,female,group B,some high school,standard,none,66.0,69.0,68.0,66.0,68.0,69.0,68.0/2.0
499,male,group E,some college,standard,none,76.0,71.0,72.0,71.0,72.0,76.0,73.0/3.0
500,female,group D,master's degree,standard,none,74.0,79.0,82.0,74.0,79.0,82.0,78.0/4.0
501,female,group B,associate's degree,standard,completed,94.0,87.0,92.0,87.0,92.0,94.0,91.0/4.0
502,male,group C,some college,free/reduced,none,63.0,61.0,54.0,54.0,61.0,63.0,59.0/5.0
503,female,group E,associate's degree,standard,completed,95.0,89.0,92.0,89.0,92.0,95.0,92.0/3.0
504,female,group D,master's degree,free/reduced,none,40.0,59.0,54.0,40.0,54.0,59.0,51.0/10.0
505,female,group B,some high school,standard,none,82.0,82.0,80.0,80.0,82.0,82.0,81.0/1.0
506,male,group A,high school,standard,none,68.0,70.0,66.0,66.0,68.0,70.0,68.0/2.0
507,male,group B,bachelor's degree,free/reduced,none,55.0,59.0,54.0,54.0,55.0,59.0,56.0/3.0
508,male,group C,master's degree,standard,none,79.0,78.0,77.0,77.0,78.0,79.0,78.0/1.0
509,female,group C,bachelor's degree,standard,none,86.0,92.0,87.0,86.0,87.0,92.0,88.0/3.0
510,male,group D,some college,standard,none,76.0,71.0,73.0,71.0,73.0,76.0,73.0/3.0
511,male,group A,some high school,standard,none,64.0,50.0,43.0,43.0,50.0,64.0,52.0/11.0
512,male,group D,some high school,free/reduced,none,62.0,49.0,52.0,49.0,52.0,62.0,54.0/7.0
513,female,group B,some high school,standard,completed,54.0,61.0,62.0,54.0,61.0,62.0,59.0/4.0
514,female,group B,master's degree,free/reduced,completed,77.0,97.0,94.0,77.0,94.0,97.0,89.0/11.0
515,female,group C,some high school,standard,completed,76.0,87.0,85.0,76.0,85.0,87.0,83.0/6.0
516,female,group D,some college,standard,none,74.0,89.0,84.0,74.0,84.0,89.0,82.0/8.0
517,female,group E,some college,standard,completed,66.0,74.0,73.0,66.0,73.0,74.0,71.0/4.0
518,female,group D,some high school,standard,completed,66.0,78.0,78.0,66.0,78.0,78.0,74.0/7.0
519,female,group B,high school,free/reduced,completed,67.0,78.0,79.0,67.0,78.0,79.0,75.0/7.0
520,male,group D,some college,standard,none,71.0,49.0,52.0,49.0,52.0,71.0,57.0/12.0
521,female,group C,associate's degree,standard,none,91.0,86.0,84.0,84.0,86.0,91.0,87.0/4.0
522,male,group D,bachelor's degree,standard,none,69.0,58.0,57.0,57.0,58.0,69.0,61.0/7.0
523,male,group C,master's degree,free/reduced,none,54.0,59.0,50.0,50.0,54.0,59.0,54.0/5.0
524,male,group C,high school,standard,completed,53.0,52.0,49.0,49.0,52.0,53.0,51.0/2.0
525,male,group E,some college,standard,none,68.0,60.0,59.0,59.0,60.0,68.0,62.0/5.0
526,male,group C,some high school,free/reduced,completed,56.0,61.0,60.0,56.0,60.0,61.0,59.0/3.0
527,female,group C,high school,free/reduced,none,36.0,53.0,43.0,36.0,43.0,53.0,44.0/9.0
528,female,group D,bachelor's degree,free/reduced,none,29.0,41.0,47.0,29.0,41.0,47.0,39.0/9.0
529,female,group C,associate's degree,standard,none,62.0,74.0,70.0,62.0,70.0,74.0,69.0/6.0
530,female,group C,associate's degree,standard,completed,68.0,67.0,73.0,67.0,68.0,73.0,69.0/3.0
531,female,group C,some high school,standard,none,47.0,54.0,53.0,47.0,53.0,54.0,51.0/4.0
532,male,group E,associate's degree,standard,completed,62.0,61.0,58.0,58.0,61.0,62.0,60.0/2.0
533,female,group E,associate's degree,standard,completed,79.0,88.0,94.0,79.0,88.0,94.0,87.0/8.0
534,male,group B,high school,standard,completed,73.0,69.0,68.0,68.0,69.0,73.0,70.0/3.0
535,female,group C,bachelor's degree,free/reduced,completed,66.0,83.0,83.0,66.0,83.0,83.0,77.0/10.0
536,male,group C,associate's degree,standard,completed,51.0,60.0,58.0,51.0,58.0,60.0,56.0/5.0
537,female,group D,high school,standard,none,51.0,66.0,62.0,51.0,62.0,66.0,60.0/8.0
538,male,group E,bachelor's degree,standard,completed,85.0,66.0,71.0,66.0,71.0,85.0,74.0/10.0
539,male,group A,associate's degree,standard,completed,97.0,92.0,86.0,86.0,92.0,97.0,92.0/6.0
540,male,group C,high school,standard,completed,75.0,69.0,68.0,68.0,69.0,75.0,71.0/4.0
541,male,group D,associate's degree,free/reduced,completed,79.0,82.0,80.0,79.0,80.0,82.0,80.0/2.0
542,female,group C,associate's degree,standard,none,81.0,77.0,79.0,77.0,79.0,81.0,79.0/2.0
543,female,group D,associate's degree,standard,none,82.0,95.0,89.0,82.0,89.0,95.0,89.0/7.0
544,female,group D,master's degree,standard,none,64.0,63.0,66.0,63.0,64.0,66.0,64.0/2.0
545,male,group E,some high school,free/reduced,completed,78.0,83.0,80.0,78.0,80.0,83.0,80.0/3.0
546,female,group A,some high school,standard,completed,92.0,100.0,97.0,92.0,97.0,100.0,96.0/4.0
547,male,group C,high school,standard,completed,72.0,67.0,64.0,64.0,67.0,72.0,68.0/4.0
548,female,group C,high school,free/reduced,none,62.0,67.0,64.0,62.0,64.0,67.0,64.0/3.0
549,male,group C,master's degree,standard,none,79.0,72.0,69.0,69.0,72.0,79.0,73.0/5.0
550,male,group C,some high school,free/reduced,none,79.0,76.0,65.0,65.0,76.0,79.0,73.0/7.0
551,male,group B,bachelor's degree,free/reduced,completed,87.0,90.0,88.0,87.0,88.0,90.0,88.0/2.0
552,female,group B,associate's degree,standard,none,40.0,48.0,50.0,40.0,48.0,50.0,46.0/5.0
553,male,group D,some college,free/reduced,none,77.0,62.0,64.0,62.0,64.0,77.0,68.0/8.0
554,male,group E,associate's degree,standard,none,53.0,45.0,40.0,40.0,45.0,53.0,46.0/7.0
555,female,group C,some college,free/reduced,none,32.0,39.0,33.0,32.0,33.0,39.0,35.0/4.0
556,female,group C,associate's degree,standard,completed,55.0,72.0,79.0,55.0,72.0,79.0,69.0/12.0
557,male,group C,master's degree,free/reduced,none,61.0,67.0,66.0,61.0,66.0,67.0,65.0/3.0
558,female,group B,associate's degree,free/reduced,none,53.0,70.0,70.0,53.0,70.0,70.0,64.0/10.0
559,male,group D,some high school,standard,none,73.0,66.0,62.0,62.0,66.0,73.0,67.0/6.0
560,female,group D,some college,standard,completed,74.0,75.0,79.0,74.0,75.0,79.0,76.0/3.0
561,female,group C,some college,standard,none,63.0,74.0,74.0,63.0,74.0,74.0,70.0/6.0
562,male,group C,bachelor's degree,standard,completed,96.0,90.0,92.0,90.0,92.0,96.0,93.0/3.0
563,female,group D,some college,free/reduced,completed,63.0,80.0,80.0,63.0,80.0,80.0,74.0/10.0
564,male,group B,bachelor's degree,free/reduced,none,48.0,51.0,46.0,46.0,48.0,51.0,48.0/3.0
565,male,group B,associate's degree,standard,none,48.0,43.0,45.0,43.0,45.0,48.0,45.0/3.0
566,female,group E,bachelor's degree,free/reduced,completed,92.0,100.0,100.0,92.0,100.0,100.0,97.0/5.0
567,female,group D,master's degree,free/reduced,completed,61.0,71.0,78.0,61.0,71.0,78.0,70.0/9.0
568,male,group B,high school,free/reduced,none,63.0,48.0,47.0,47.0,48.0,63.0,53.0/9.0
569,male,group D,bachelor's degree,free/reduced,none,68.0,68.0,67.0,67.0,68.0,68.0,68.0/1.0
570,male,group B,some college,standard,completed,71.0,75.0,70.0,70.0,71.0,75.0,72.0/3.0
571,male,group A,bachelor's degree,standard,none,91.0,96.0,92.0,91.0,92.0,96.0,93.0/3.0
572,female,group C,some college,standard,none,53.0,62.0,56.0,53.0,56.0,62.0,57.0/5.0
573,female,group C,high school,free/reduced,completed,50.0,66.0,64.0,50.0,64.0,66.0,60.0/9.0
574,female,group E,high school,standard,none,74.0,81.0,71.0,71.0,74.0,81.0,75.0/5.0
575,male,group A,associate's degree,free/reduced,completed,40.0,55.0,53.0,40.0,53.0,55.0,49.0/8.0
576,male,group A,some college,standard,completed,61.0,51.0,52.0,51.0,52.0,61.0,55.0/6.0
577,female,group B,high school,standard,none,81.0,91.0,89.0,81.0,89.0,91.0,87.0/5.0
578,female,group B,some college,free/reduced,completed,48.0,56.0,58.0,48.0,56.0,58.0,54.0/5.0
579,female,group D,master's degree,standard,none,53.0,61.0,68.0,53.0,61.0,68.0,61.0/8.0
580,female,group D,some high school,standard,none,81.0,97.0,96.0,81.0,96.0,97.0,91.0/9.0
581,female,group E,some high school,standard,none,77.0,79.0,80.0,77.0,79.0,80.0,79.0/2.0
582,female,group D,bachelor's degree,free/reduced,none,63.0,73.0,78.0,63.0,73.0,78.0,71.0/8.0
583,female,group D,associate's degree,standard,completed,73.0,75.0,80.0,73.0,75.0,80.0,76.0/4.0
584,female,group D,some college,standard,none,69.0,77.0,77.0,69.0,77.0,77.0,74.0/5.0
585,female,group C,associate's degree,standard,none,65.0,76.0,76.0,65.0,76.0,76.0,72.0/6.0
586,female,group A,high school,standard,none,55.0,73.0,73.0,55.0,73.0,73.0,67.0/10.0
587,female,group C,bachelor's degree,free/reduced,none,44.0,63.0,62.0,44.0,62.0,63.0,56.0/11.0
588,female,group C,some college,standard,none,54.0,64.0,65.0,54.0,64.0,65.0,61.0/6.0
589,female,group A,some high school,standard,none,48.0,66.0,65.0,48.0,65.0,66.0,60.0/10.0
590,male,group C,some college,free/reduced,none,58.0,57.0,54.0,54.0,57.0,58.0,56.0/2.0
591,male,group A,some high school,standard,none,71.0,62.0,50.0,50.0,62.0,71.0,61.0/11.0
592,male,group E,bachelor's degree,standard,none,68.0,68.0,64.0,64.0,68.0,68.0,67.0/2.0
593,female,group E,high school,standard,none,74.0,76.0,73.0,73.0,74.0,76.0,74.0/2.0
594,female,group C,bachelor's degree,standard,completed,92.0,100.0,99.0,92.0,99.0,100.0,97.0/4.0
595,female,group C,bachelor's degree,standard,completed,56.0,79.0,72.0,56.0,72.0,79.0,69.0/12.0
596,male,group B,high school,free/reduced,none,30.0,24.0,15.0,15.0,24.0,30.0,23.0/8.0
597,male,group A,some high school,standard,none,53.0,54.0,48.0,48.0,53.0,54.0,52.0/3.0
598,female,group D,high school,standard,none,69.0,77.0,73.0,69.0,73.0,77.0,73.0/4.0
599,female,group D,some high school,standard,none,65.0,82.0,81.0,65.0,81.0,82.0,76.0/10.0
600,female,group D,master's degree,standard,none,54.0,60.0,63.0,54.0,60.0,63.0,59.0/5.0
601,female,group C,high school,standard,none,29.0,29.0,30.0,29.0,29.0,30.0,29.0/1.0
602,female,group E,some college,standard,none,76.0,78.0,80.0,76.0,78.0,80.0,78.0/2.0
603,male,group D,high school,free/reduced,none,60.0,57.0,51.0,51.0,57.0,60.0,56.0/5.0
604,male,group D,master's degree,free/reduced,completed,84.0,89.0,90.0,84.0,89.0,90.0,88.0/3.0
605,male,group C,some high school,standard,none,75.0,72.0,62.0,62.0,72.0,75.0,70.0/7.0
606,female,group C,associate's degree,standard,none,85.0,84.0,82.0,82.0,84.0,85.0,84.0/2.0
607,female,group C,master's degree,free/reduced,none,40.0,58.0,54.0,40.0,54.0,58.0,51.0/9.0
608,female,group E,some college,standard,none,61.0,64.0,62.0,61.0,62.0,64.0,62.0/2.0
609,female,group B,associate's degree,standard,none,58.0,63.0,65.0,58.0,63.0,65.0,62.0/4.0
610,male,group D,some college,free/reduced,completed,69.0,60.0,63.0,60.0,63.0,69.0,64.0/5.0
611,female,group C,some college,standard,none,58.0,59.0,66.0,58.0,59.0,66.0,61.0/4.0
612,male,group C,bachelor's degree,standard,completed,94.0,90.0,91.0,90.0,91.0,94.0,92.0/2.0
613,female,group C,associate's degree,standard,none,65.0,77.0,74.0,65.0,74.0,77.0,72.0/6.0
614,female,group A,associate's degree,standard,none,82.0,93.0,93.0,82.0,93.0,93.0,89.0/6.0
615,female,group C,high school,standard,none,60.0,68.0,72.0,60.0,68.0,72.0,67.0/6.0
616,female,group E,bachelor's degree,standard,none,37.0,45.0,38.0,37.0,38.0,45.0,40.0/4.0
617,male,group D,bachelor's degree,standard,none,88.0,78.0,83.0,78.0,83.0,88.0,83.0/5.0
618,male,group D,master's degree,standard,none,95.0,81.0,84.0,81.0,84.0,95.0,87.0/7.0
619,male,group C,associate's degree,free/reduced,completed,65.0,73.0,68.0,65.0,68.0,73.0,69.0/4.0
620,female,group C,high school,free/reduced,none,35.0,61.0,54.0,35.0,54.0,61.0,50.0/13.0
621,male,group B,bachelor's degree,free/reduced,none,62.0,63.0,56.0,56.0,62.0,63.0,60.0/4.0
622,male,group C,high school,free/reduced,completed,58.0,51.0,52.0,51.0,52.0,58.0,54.0/4.0
623,male,group A,some college,standard,completed,100.0,96.0,86.0,86.0,96.0,100.0,94.0/7.0
624,female,group E,bachelor's degree,free/reduced,none,61.0,58.0,62.0,58.0,61.0,62.0,60.0/2.0
625,male,group D,some college,standard,completed,100.0,97.0,99.0,97.0,99.0,100.0,99.0/2.0
626,male,group B,associate's degree,free/reduced,completed,69.0,70.0,63.0,63.0,69.0,70.0,67.0/4.0
627,male,group D,associate's degree,standard,none,61.0,48.0,46.0,46.0,48.0,61.0,52.0/8.0
628,male,group D,some college,free/reduced,none,49.0,57.0,46.0,46.0,49.0,57.0,51.0/6.0
629,female,group C,some high school,standard,completed,44.0,51.0,55.0,44.0,51.0,55.0,50.0/6.0
630,male,group D,some college,standard,none,67.0,64.0,70.0,64.0,67.0,70.0,67.0/3.0
631,male,group B,high school,standard,none,79.0,60.0,65.0,60.0,65.0,79.0,68.0/10.0
632,female,group B,bachelor's degree,standard,completed,66.0,74.0,81.0,66.0,74.0,81.0,74.0/8.0
633,female,group C,high school,standard,none,75.0,88.0,85.0,75.0,85.0,88.0,83.0/7.0
634,male,group D,some high school,standard,none,84.0,84.0,80.0,80.0,84.0,84.0,83.0/2.0
635,male,group A,high school,standard,none,71.0,74.0,64.0,64.0,71.0,74.0,70.0/5.0
636,female,group B,high school,free/reduced,completed,67.0,80.0,81.0,67.0,80.0,81.0,76.0/8.0
637,female,group D,some high school,standard,completed,80.0,92.0,88.0,80.0,88.0,92.0,87.0/6.0
638,male,group E,some college,standard,none,86.0,76.0,74.0,74.0,76.0,86.0,79.0/6.0
639,female,group D,associate's degree,standard,none,76.0,74.0,73.0,73.0,74.0,76.0,74.0/2.0
640,male,group D,high school,standard,none,41.0,52.0,51.0,41.0,51.0,52.0,48.0/6.0
641,female,group D,associate's degree,free/reduced,completed,74.0,88.0,90.0,74.0,88.0,90.0,84.0/9.0
642,female,group B,some high school,free/reduced,none,72.0,81.0,79.0,72.0,79.0,81.0,77.0/5.0
643,female,group E,high school,standard,completed,74.0,79.0,80.0,74.0,79.0,80.0,78.0/3.0
644,male,group B,high school,standard,none,70.0,65.0,60.0,60.0,65.0,70.0,65.0/5.0
645,female,group B,bachelor's degree,standard,completed,65.0,81.0,81.0,65.0,81.0,81.0,76.0/9.0
646,female,group D,associate's degree,standard,none,59.0,70.0,65.0,59.0,65.0,70.0,65.0/6.0
647,female,group E,high school,free/reduced,none,64.0,62.0,68.0,62.0,64.0,68.0,65.0/3.0
648,female,group B,high school,standard,none,50.0,53.0,55.0,50.0,53.0,55.0,53.0/3.0
649,female,group D,some college,standard,completed,69.0,79.0,81.0,69.0,79.0,81.0,76.0/6.0
650,male,group C,some high school,free/reduced,completed,51.0,56.0,53.0,51.0,53.0,56.0,53.0/3.0
651,female,group A,high school,standard,completed,68.0,80.0,76.0,68.0,76.0,80.0,75.0/6.0
652,female,group D,some college,standard,completed,85.0,86.0,98.0,85.0,86.0,98.0,90.0/7.0
653,female,group A,associate's degree,standard,completed,65.0,70.0,74.0,65.0,70.0,74.0,70.0/5.0
654,female,group B,some high school,standard,none,73.0,79.0,79.0,73.0,79.0,79.0,77.0/3.0
655,female,group B,some college,standard,none,62.0,67.0,67.0,62.0,67.0,67.0,65.0/3.0
656,male,group C,associate's degree,free/reduced,none,77.0,67.0,64.0,64.0,67.0,77.0,69.0/7.0
657,male,group D,some high school,standard,none,69.0,66.0,61.0,61.0,66.0,69.0,65.0/4.0
658,female,group D,associate's degree,free/reduced,none,43.0,60.0,58.0,43.0,58.0,60.0,54.0/9.0
659,male,group D,associate's degree,standard,none,90.0,87.0,85.0,85.0,87.0,90.0,87.0/3.0
660,male,group C,some college,free/reduced,none,74.0,77.0,73.0,73.0,74.0,77.0,75.0/2.0
661,male,group C,some high school,standard,none,73.0,66.0,63.0,63.0,66.0,73.0,67.0/5.0
662,female,group D,some college,free/reduced,none,55.0,71.0,69.0,55.0,69.0,71.0,65.0/9.0
663,female,group C,high school,standard,none,65.0,69.0,67.0,65.0,67.0,69.0,67.0/2.0
664,male,group D,associate's degree,standard,none,80.0,63.0,63.0,63.0,63.0,80.0,69.0/10.0
665,female,group C,some high school,free/reduced,completed,50.0,60.0,60.0,50.0,60.0,60.0,57.0/6.0
666,female,group C,some college,free/reduced,completed,63.0,73.0,71.0,63.0,71.0,73.0,69.0/5.0
667,female,group B,bachelor's degree,free/reduced,none,77.0,85.0,87.0,77.0,85.0,87.0,83.0/5.0
668,male,group C,some college,standard,none,73.0,74.0,61.0,61.0,73.0,74.0,69.0/7.0
669,male,group D,associate's degree,standard,completed,81.0,72.0,77.0,72.0,77.0,81.0,77.0/5.0
670,female,group C,high school,free/reduced,none,66.0,76.0,68.0,66.0,68.0,76.0,70.0/5.0
671,male,group D,associate's degree,free/reduced,none,52.0,57.0,50.0,50.0,52.0,57.0,53.0/4.0
672,female,group C,some college,standard,none,69.0,78.0,76.0,69.0,76.0,78.0,74.0/5.0
673,female,group C,associate's degree,standard,completed,65.0,84.0,84.0,65.0,84.0,84.0,78.0/11.0
674,female,group D,high school,standard,completed,69.0,77.0,78.0,69.0,77.0,78.0,75.0/5.0
675,female,group B,some college,standard,completed,50.0,64.0,66.0,50.0,64.0,66.0,60.0/9.0
676,female,group E,some college,standard,completed,73.0,78.0,76.0,73.0,76.0,78.0,76.0/3.0
677,female,group C,some high school,standard,completed,70.0,82.0,76.0,70.0,76.0,82.0,76.0/6.0
678,male,group D,associate's degree,free/reduced,none,81.0,75.0,78.0,75.0,78.0,81.0,78.0/3.0
679,male,group D,some college,free/reduced,none,63.0,61.0,60.0,60.0,61.0,63.0,61.0/2.0
680,female,group D,high school,standard,none,67.0,72.0,74.0,67.0,72.0,74.0,71.0/4.0
681,male,group B,high school,standard,none,60.0,68.0,60.0,60.0,60.0,68.0,63.0/5.0
682,male,group B,high school,standard,none,62.0,55.0,54.0,54.0,55.0,62.0,57.0/4.0
683,female,group C,some high school,free/reduced,completed,29.0,40.0,44.0,29.0,40.0,44.0,38.0/8.0
684,male,group B,some college,standard,completed,62.0,66.0,68.0,62.0,66.0,68.0,65.0/3.0
685,female,group E,master's degree,standard,completed,94.0,99.0,100.0,94.0,99.0,100.0,98.0/3.0
686,male,group E,some college,standard,completed,85.0,75.0,68.0,68.0,75.0,85.0,76.0/9.0
687,male,group D,associate's degree,free/reduced,none,77.0,78.0,73.0,73.0,77.0,78.0,76.0/3.0
688,male,group A,high school,free/reduced,none,53.0,58.0,44.0,44.0,53.0,58.0,52.0/7.0
689,male,group E,some college,free/reduced,none,93.0,90.0,83.0,83.0,90.0,93.0,89.0/5.0
690,female,group C,associate's degree,standard,none,49.0,53.0,53.0,49.0,53.0,53.0,52.0/2.0
691,female,group E,associate's degree,free/reduced,none,73.0,76.0,78.0,73.0,76.0,78.0,76.0/3.0
692,female,group C,bachelor's degree,free/reduced,completed,66.0,74.0,81.0,66.0,74.0,81.0,74.0/8.0
693,female,group D,associate's degree,standard,none,77.0,77.0,73.0,73.0,77.0,77.0,76.0/2.0
694,female,group C,some high school,standard,none,49.0,63.0,56.0,49.0,56.0,63.0,56.0/7.0
695,female,group D,some college,free/reduced,none,79.0,89.0,86.0,79.0,86.0,89.0,85.0/5.0
696,female,group C,associate's degree,standard,completed,75.0,82.0,90.0,75.0,82.0,90.0,82.0/8.0
697,female,group A,bachelor's degree,standard,none,59.0,72.0,70.0,59.0,70.0,72.0,67.0/7.0
698,female,group D,associate's degree,standard,completed,57.0,78.0,79.0,57.0,78.0,79.0,71.0/12.0
699,male,group C,high school,free/reduced,none,66.0,66.0,59.0,59.0,66.0,66.0,64.0/4.0
700,female,group E,bachelor's degree,standard,completed,79.0,81.0,82.0,79.0,81.0,82.0,81.0/2.0
701,female,group B,some high school,standard,none,57.0,67.0,72.0,57.0,67.0,72.0,65.0/8.0
702,male,group A,bachelor's degree,standard,completed,87.0,84.0,87.0,84.0,87.0,87.0,86.0/2.0
703,female,group D,some college,standard,none,63.0,64.0,67.0,63.0,64.0,67.0,65.0/2.0
704,female,group B,some high school,free/reduced,completed,59.0,63.0,64.0,59.0,63.0,64.0,62.0/3.0
705,male,group A,bachelor's degree,free/reduced,none,62.0,72.0,65.0,62.0,65.0,72.0,66.0/5.0
706,male,group D,high school,standard,none,46.0,34.0,36.0,34.0,36.0,46.0,39.0/6.0
707,male,group C,some college,standard,none,66.0,59.0,52.0,52.0,59.0,66.0,59.0/7.0
708,male,group D,high school,standard,none,89.0,87.0,79.0,79.0,87.0,89.0,85.0/5.0
709,female,group D,associate's degree,free/reduced,completed,42.0,61.0,58.0,42.0,58.0,61.0,54.0/10.0
710,male,group C,some college,standard,completed,93.0,84.0,90.0,84.0,90.0,93.0,89.0/5.0
711,female,group E,some high school,standard,completed,80.0,85.0,85.0,80.0,85.0,85.0,83.0/3.0
712,female,group D,some college,standard,none,98.0,100.0,99.0,98.0,99.0,100.0,99.0/1.0
713,male,group D,master's degree,standard,none,81.0,81.0,84.0,81.0,81.0,84.0,82.0/2.0
714,female,group B,some high school,standard,completed,60.0,70.0,74.0,60.0,70.0,74.0,68.0/7.0
715,female,group B,associate's degree,free/reduced,completed,76.0,94.0,87.0,76.0,87.0,94.0,86.0/9.0
716,male,group C,associate's degree,standard,completed,73.0,78.0,72.0,72.0,73.0,78.0,74.0/3.0
717,female,group C,associate's degree,standard,completed,96.0,96.0,99.0,96.0,96.0,99.0,97.0/2.0
718,female,group C,high school,standard,none,76.0,76.0,74.0,74.0,76.0,76.0,75.0/1.0
719,male,group E,associate's degree,free/reduced,completed,91.0,73.0,80.0,73.0,80.0,91.0,81.0/9.0
720,female,group C,some college,free/reduced,none,62.0,72.0,70.0,62.0,70.0,72.0,68.0/5.0
721,male,group D,some high school,free/reduced,completed,55.0,59.0,59.0,55.0,59.0,59.0,58.0/2.0
722,female,group B,some high school,free/reduced,completed,74.0,90.0,88.0,74.0,88.0,90.0,84.0/9.0
723,male,group C,high school,standard,none,50.0,48.0,42.0,42.0,48.0,50.0,47.0/4.0
724,male,group B,some college,standard,none,47.0,43.0,41.0,41.0,43.0,47.0,44.0/3.0
725,male,group E,some college,standard,completed,81.0,74.0,71.0,71.0,74.0,81.0,75.0/5.0
726,female,group E,associate's degree,standard,completed,65.0,75.0,77.0,65.0,75.0,77.0,72.0/6.0
727,male,group E,some high school,standard,completed,68.0,51.0,57.0,51.0,57.0,68.0,59.0/9.0
728,female,group D,high school,free/reduced,none,73.0,92.0,84.0,73.0,84.0,92.0,83.0/10.0
729,male,group C,some college,standard,none,53.0,39.0,37.0,37.0,39.0,53.0,43.0/9.0
730,female,group B,associate's degree,free/reduced,completed,68.0,77.0,80.0,68.0,77.0,80.0,75.0/6.0
731,male,group A,some high school,free/reduced,none,55.0,46.0,43.0,43.0,46.0,55.0,48.0/6.0
732,female,group C,some college,standard,completed,87.0,89.0,94.0,87.0,89.0,94.0,90.0/4.0
733,male,group D,some high school,standard,none,55.0,47.0,44.0,44.0,47.0,55.0,49.0/6.0
734,female,group E,some college,free/reduced,none,53.0,58.0,57.0,53.0,57.0,58.0,56.0/3.0
735,male,group C,master's degree,standard,none,67.0,57.0,59.0,57.0,59.0,67.0,61.0/5.0
736,male,group C,associate's degree,standard,none,92.0,79.0,84.0,79.0,84.0,92.0,85.0/7.0
737,female,group B,some college,free/reduced,completed,53.0,66.0,73.0,53.0,66.0,73.0,64.0/10.0
738,male,group D,associate's degree,standard,none,81.0,71.0,73.0,71.0,73.0,81.0,75.0/5.0
739,male,group C,high school,free/reduced,none,61.0,60.0,55.0,55.0,60.0,61.0,59.0/3.0
740,male,group D,bachelor's degree,standard,none,80.0,73.0,72.0,72.0,73.0,80.0,75.0/4.0
741,female,group A,associate's degree,free/reduced,none,37.0,57.0,56.0,37.0,56.0,57.0,50.0/11.0
742,female,group C,high school,standard,none,81.0,84.0,82.0,81.0,82.0,84.0,82.0/2.0
743,female,group C,associate's degree,standard,completed,59.0,73.0,72.0,59.0,72.0,73.0,68.0/8.0
744,male,group B,some college,free/reduced,none,55.0,55.0,47.0,47.0,55.0,55.0,52.0/5.0
745,male,group D,associate's degree,standard,none,72.0,79.0,74.0,72.0,74.0,79.0,75.0/4.0
746,male,group D,high school,standard,none,69.0,75.0,71.0,69.0,71.0,75.0,72.0/3.0
747,male,group C,some college,standard,none,69.0,64.0,68.0,64.0,68.0,69.0,67.0/3.0
748,female,group C,bachelor's degree,free/reduced,none,50.0,60.0,59.0,50.0,59.0,60.0,56.0/6.0
749,male,group B,some college,standard,completed,87.0,84.0,86.0,84.0,86.0,87.0,86.0/2.0
750,male,group D,some high school,standard,completed,71.0,69.0,68.0,68.0,69.0,71.0,69.0/2.0
751,male,group E,some college,standard,none,68.0,72.0,65.0,65.0,68.0,72.0,68.0/4.0
752,male,group C,master's degree,free/reduced,completed,79.0,77.0,75.0,75.0,77.0,79.0,77.0/2.0
753,female,group C,some high school,standard,completed,77.0,90.0,85.0,77.0,85.0,90.0,84.0/7.0
754,male,group C,associate's degree,free/reduced,none,58.0,55.0,53.0,53.0,55.0,58.0,55.0/3.0
755,female,group E,associate's degree,standard,none,84.0,95.0,92.0,84.0,92.0,95.0,90.0/6.0
756,male,group D,some college,standard,none,55.0,58.0,52.0,52.0,55.0,58.0,55.0/3.0
757,male,group E,bachelor's degree,free/reduced,completed,70.0,68.0,72.0,68.0,70.0,72.0,70.0/2.0
758,female,group D,some college,free/reduced,completed,52.0,59.0,65.0,52.0,59.0,65.0,59.0/7.0
759,male,group B,some college,standard,completed,69.0,77.0,77.0,69.0,77.0,77.0,74.0/5.0
760,female,group C,high school,free/reduced,none,53.0,72.0,64.0,53.0,64.0,72.0,63.0/10.0
761,female,group D,some high school,standard,none,48.0,58.0,54.0,48.0,54.0,58.0,53.0/5.0
762,male,group D,some high school,standard,completed,78.0,81.0,86.0,78.0,81.0,86.0,82.0/4.0
763,female,group B,high school,standard,none,62.0,62.0,63.0,62.0,62.0,63.0,62.0/1.0
764,male,group D,some college,standard,none,60.0,63.0,59.0,59.0,60.0,63.0,61.0/2.0
765,female,group B,high school,standard,none,74.0,72.0,72.0,72.0,72.0,74.0,73.0/1.0
766,female,group C,high school,standard,completed,58.0,75.0,77.0,58.0,75.0,77.0,70.0/10.0
767,male,group B,high school,standard,completed,76.0,62.0,60.0,60.0,62.0,76.0,66.0/9.0
768,female,group D,some high school,standard,none,68.0,71.0,75.0,68.0,71.0,75.0,71.0/4.0
769,male,group A,some college,free/reduced,none,58.0,60.0,57.0,57.0,58.0,60.0,58.0/2.0
770,male,group B,high school,standard,none,52.0,48.0,49.0,48.0,49.0,52.0,50.0/2.0
771,male,group D,bachelor's degree,standard,none,75.0,73.0,74.0,73.0,74.0,75.0,74.0/1.0
772,female,group B,some high school,free/reduced,completed,52.0,67.0,72.0,52.0,67.0,72.0,64.0/10.0
773,female,group C,bachelor's degree,free/reduced,none,62.0,78.0,79.0,62.0,78.0,79.0,73.0/10.0
774,male,group B,some college,standard,none,66.0,65.0,60.0,60.0,65.0,66.0,64.0/3.0
775,female,group B,some high school,free/reduced,none,49.0,58.0,55.0,49.0,55.0,58.0,54.0/5.0
776,female,group B,high school,standard,none,66.0,72.0,70.0,66.0,70.0,72.0,69.0/3.0
777,female,group C,some college,free/reduced,none,35.0,44.0,43.0,35.0,43.0,44.0,41.0/5.0
778,female,group A,some college,standard,completed,72.0,79.0,82.0,72.0,79.0,82.0,78.0/5.0
779,male,group E,associate's degree,standard,completed,94.0,85.0,82.0,82.0,85.0,94.0,87.0/6.0
780,female,group D,associate's degree,free/reduced,none,46.0,56.0,57.0,46.0,56.0,57.0,53.0/6.0
781,female,group B,master's degree,standard,none,77.0,90.0,84.0,77.0,84.0,90.0,84.0/7.0
782,female,group B,high school,free/reduced,completed,76.0,85.0,82.0,76.0,82.0,85.0,81.0/5.0
783,female,group C,associate's degree,standard,completed,52.0,59.0,62.0,52.0,59.0,62.0,58.0/5.0
784,male,group C,bachelor's degree,standard,completed,91.0,81.0,79.0,79.0,81.0,91.0,84.0/6.0
785,female,group B,some high school,standard,completed,32.0,51.0,44.0,32.0,44.0,51.0,42.0/10.0
786,female,group E,some high school,free/reduced,none,72.0,79.0,77.0,72.0,77.0,79.0,76.0/4.0
787,female,group B,some college,standard,none,19.0,38.0,32.0,19.0,32.0,38.0,30.0/10.0
788,male,group C,associate's degree,free/reduced,none,68.0,65.0,61.0,61.0,65.0,68.0,65.0/4.0
789,female,group C,master's degree,free/reduced,none,52.0,65.0,61.0,52.0,61.0,65.0,59.0/7.0
790,female,group B,high school,standard,none,48.0,62.0,60.0,48.0,60.0,62.0,57.0/8.0
791,female,group D,some college,free/reduced,none,60.0,66.0,70.0,60.0,66.0,70.0,65.0/5.0
792,male,group D,high school,free/reduced,none,66.0,74.0,69.0,66.0,69.0,74.0,70.0/4.0
793,male,group E,some high school,standard,completed,89.0,84.0,77.0,77.0,84.0,89.0,83.0/6.0
794,female,group B,high school,standard,none,42.0,52.0,51.0,42.0,51.0,52.0,48.0/6.0
795,female,group E,associate's degree,free/reduced,completed,57.0,68.0,73.0,57.0,68.0,73.0,66.0/8.0
796,male,group D,high school,standard,none,70.0,70.0,70.0,70.0,70.0,70.0,70.0/0.0
797,female,group E,associate's degree,free/reduced,none,70.0,84.0,81.0,70.0,81.0,84.0,78.0/7.0
798,male,group E,some college,standard,none,69.0,60.0,54.0,54.0,60.0,69.0,61.0/8.0
799,female,group C,associate's degree,standard,none,52.0,55.0,57.0,52.0,55.0,57.0,55.0/3.0
800,male,group C,some high school,standard,completed,67.0,73.0,68.0,67.0,68.0,73.0,69.0/3.0
801,male,group C,some high school,standard,completed,76.0,80.0,73.0,73.0,76.0,80.0,76.0/4.0
802,female,group E,associate's degree,standard,none,87.0,94.0,95.0,87.0,94.0,95.0,92.0/4.0
803,female,group B,some college,standard,none,82.0,85.0,87.0,82.0,85.0,87.0,85.0/3.0
804,female,group C,some college,standard,none,73.0,76.0,78.0,73.0,76.0,78.0,76.0/3.0
805,male,group A,some college,free/reduced,none,75.0,81.0,74.0,74.0,75.0,81.0,77.0/4.0
806,female,group D,some college,free/reduced,none,64.0,74.0,75.0,64.0,74.0,75.0,71.0/6.0
807,female,group E,high school,free/reduced,none,41.0,45.0,40.0,40.0,41.0,45.0,42.0/3.0
808,male,group C,high school,standard,none,90.0,75.0,69.0,69.0,75.0,90.0,78.0/11.0
809,male,group B,bachelor's degree,standard,none,59.0,54.0,51.0,51.0,54.0,59.0,55.0/4.0
810,male,group A,some high school,standard,none,51.0,31.0,36.0,31.0,36.0,51.0,39.0/10.0
811,male,group A,high school,free/reduced,none,45.0,47.0,49.0,45.0,47.0,49.0,47.0/2.0
812,female,group C,master's degree,standard,completed,54.0,64.0,67.0,54.0,64.0,67.0,62.0/7.0
813,male,group E,some high school,standard,completed,87.0,84.0,76.0,76.0,84.0,87.0,82.0/6.0
814,female,group C,high school,standard,none,72.0,80.0,83.0,72.0,80.0,83.0,78.0/6.0
815,male,group B,some high school,standard,completed,94.0,86.0,87.0,86.0,87.0,94.0,89.0/4.0
816,female,group A,bachelor's degree,standard,none,45.0,59.0,64.0,45.0,59.0,64.0,56.0/10.0
817,male,group D,bachelor's degree,free/reduced,completed,61.0,70.0,76.0,61.0,70.0,76.0,69.0/8.0
818,female,group B,high school,free/reduced,none,60.0,72.0,68.0,60.0,68.0,72.0,67.0/6.0
819,female,group C,some high school,standard,none,77.0,91.0,88.0,77.0,88.0,91.0,85.0/7.0
820,female,group A,some high school,standard,completed,85.0,90.0,92.0,85.0,90.0,92.0,89.0/4.0
821,female,group D,bachelor's degree,free/reduced,none,78.0,90.0,93.0,78.0,90.0,93.0,87.0/8.0
822,male,group E,some college,free/reduced,completed,49.0,52.0,51.0,49.0,51.0,52.0,51.0/2.0
823,female,group B,high school,free/reduced,none,71.0,87.0,82.0,71.0,82.0,87.0,80.0/8.0
824,female,group C,some high school,free/reduced,none,48.0,58.0,52.0,48.0,52.0,58.0,53.0/5.0
825,male,group C,high school,standard,none,62.0,67.0,58.0,58.0,62.0,67.0,62.0/5.0
826,female,group C,associate's degree,free/reduced,completed,56.0,68.0,70.0,56.0,68.0,70.0,65.0/8.0
827,female,group C,some high school,standard,none,65.0,69.0,76.0,65.0,69.0,76.0,70.0/6.0
828,female,group D,some high school,free/reduced,completed,69.0,86.0,81.0,69.0,81.0,86.0,79.0/9.0
829,male,group B,some high school,standard,none,68.0,54.0,53.0,53.0,54.0,68.0,58.0/8.0
830,female,group A,some college,free/reduced,none,61.0,60.0,57.0,57.0,60.0,61.0,59.0/2.0
831,female,group C,bachelor's degree,free/reduced,completed,74.0,86.0,89.0,74.0,86.0,89.0,83.0/8.0
832,male,group A,bachelor's degree,standard,none,64.0,60.0,58.0,58.0,60.0,64.0,61.0/3.0
833,female,group B,high school,standard,completed,77.0,82.0,89.0,77.0,82.0,89.0,83.0/6.0
834,male,group B,some college,standard,none,58.0,50.0,45.0,45.0,50.0,58.0,51.0/7.0
835,female,group C,high school,standard,completed,60.0,64.0,74.0,60.0,64.0,74.0,66.0/7.0
836,male,group E,high school,standard,none,73.0,64.0,57.0,57.0,64.0,73.0,65.0/8.0
837,female,group A,high school,standard,completed,75.0,82.0,79.0,75.0,79.0,82.0,79.0/4.0
838,male,group B,associate's degree,free/reduced,completed,58.0,57.0,53.0,53.0,57.0,58.0,56.0/3.0
839,female,group C,associate's degree,standard,none,66.0,77.0,73.0,66.0,73.0,77.0,72.0/6.0
840,female,group D,high school,free/reduced,none,39.0,52.0,46.0,39.0,46.0,52.0,46.0/7.0
841,male,group C,some high school,standard,none,64.0,58.0,51.0,51.0,58.0,64.0,58.0/7.0
842,female,group B,high school,free/reduced,completed,23.0,44.0,36.0,23.0,36.0,44.0,34.0/11.0
843,male,group B,some college,free/reduced,completed,74.0,77.0,76.0,74.0,76.0,77.0,76.0/2.0
844,female,group D,some high school,free/reduced,completed,40.0,65.0,64.0,40.0,64.0,65.0,56.0/14.0
845,male,group E,master's degree,standard,none,90.0,85.0,84.0,84.0,85.0,90.0,86.0/3.0
846,male,group C,master's degree,standard,completed,91.0,85.0,85.0,85.0,85.0,91.0,87.0/3.0
847,male,group D,high school,standard,none,64.0,54.0,50.0,50.0,54.0,64.0,56.0/7.0
848,female,group C,high school,standard,none,59.0,72.0,68.0,59.0,68.0,72.0,66.0/7.0
849,male,group D,associate's degree,standard,none,80.0,75.0,69.0,69.0,75.0,80.0,75.0/6.0
850,male,group C,master's degree,standard,none,71.0,67.0,67.0,67.0,67.0,71.0,68.0/2.0
851,female,group A,high school,standard,none,61.0,68.0,63.0,61.0,63.0,68.0,64.0/4.0
852,female,group E,some college,standard,none,87.0,85.0,93.0,85.0,87.0,93.0,88.0/4.0
853,male,group E,some high school,standard,none,82.0,67.0,61.0,61.0,67.0,82.0,70.0/11.0
854,male,group C,some high school,standard,none,62.0,64.0,55.0,55.0,62.0,64.0,60.0/5.0
855,female,group B,bachelor's degree,standard,none,97.0,97.0,96.0,96.0,97.0,97.0,97.0/1.0
856,male,group B,some college,free/reduced,none,75.0,68.0,65.0,65.0,68.0,75.0,69.0/5.0
857,female,group C,bachelor's degree,standard,none,65.0,79.0,81.0,65.0,79.0,81.0,75.0/9.0
858,male,group B,high school,standard,completed,52.0,49.0,46.0,46.0,49.0,52.0,49.0/3.0
859,male,group C,associate's degree,free/reduced,none,87.0,73.0,72.0,72.0,73.0,87.0,77.0/8.0
860,female,group C,associate's degree,standard,none,53.0,62.0,53.0,53.0,53.0,62.0,56.0/5.0
861,female,group E,master's degree,free/reduced,none,81.0,86.0,87.0,81.0,86.0,87.0,85.0/3.0
862,male,group D,bachelor's degree,free/reduced,completed,39.0,42.0,38.0,38.0,39.0,42.0,40.0/2.0
863,female,group C,some college,standard,completed,71.0,71.0,80.0,71.0,71.0,80.0,74.0/5.0
864,male,group C,associate's degree,standard,none,97.0,93.0,91.0,91.0,93.0,97.0,94.0/3.0
865,male,group D,some college,standard,completed,82.0,82.0,88.0,82.0,82.0,88.0,84.0/3.0
866,male,group C,high school,free/reduced,none,59.0,53.0,52.0,52.0,53.0,59.0,55.0/4.0
867,male,group B,associate's degree,standard,none,61.0,42.0,41.0,41.0,42.0,61.0,48.0/11.0
868,male,group E,associate's degree,free/reduced,completed,78.0,74.0,72.0,72.0,74.0,78.0,75.0/3.0
869,male,group C,associate's degree,free/reduced,none,49.0,51.0,51.0,49.0,51.0,51.0,50.0/1.0
870,male,group B,high school,standard,none,59.0,58.0,47.0,47.0,58.0,59.0,55.0/7.0
871,female,group C,some college,standard,completed,70.0,72.0,76.0,70.0,72.0,76.0,73.0/3.0
872,male,group B,associate's degree,standard,completed,82.0,84.0,78.0,78.0,82.0,84.0,81.0/3.0
873,male,group E,associate's degree,free/reduced,none,90.0,90.0,82.0,82.0,90.0,90.0,87.0/5.0
874,female,group C,bachelor's degree,free/reduced,none,43.0,62.0,61.0,43.0,61.0,62.0,55.0/11.0
875,male,group C,some college,free/reduced,none,80.0,64.0,66.0,64.0,66.0,80.0,70.0/9.0
876,male,group D,some college,standard,none,81.0,82.0,84.0,81.0,82.0,84.0,82.0/2.0
877,male,group C,some high school,standard,none,57.0,61.0,54.0,54.0,57.0,61.0,57.0/4.0
878,female,group D,some high school,standard,none,59.0,72.0,80.0,59.0,72.0,80.0,70.0/11.0
879,female,group D,associate's degree,standard,none,64.0,76.0,74.0,64.0,74.0,76.0,71.0/6.0
880,male,group C,bachelor's degree,standard,completed,63.0,64.0,66.0,63.0,64.0,66.0,64.0/2.0
881,female,group E,bachelor's degree,standard,completed,71.0,70.0,70.0,70.0,70.0,71.0,70.0/1.0
882,female,group B,high school,free/reduced,none,64.0,73.0,71.0,64.0,71.0,73.0,69.0/5.0
883,male,group D,bachelor's degree,free/reduced,none,55.0,46.0,44.0,44.0,46.0,55.0,48.0/6.0
884,female,group E,associate's degree,standard,none,51.0,51.0,54.0,51.0,51.0,54.0,52.0/2.0
885,female,group C,associate's degree,standard,completed,62.0,76.0,80.0,62.0,76.0,80.0,73.0/9.0
886,female,group E,associate's degree,standard,completed,93.0,100.0,95.0,93.0,95.0,100.0,96.0/4.0
887,male,group C,high school,free/reduced,none,54.0,72.0,59.0,54.0,59.0,72.0,62.0/9.0
888,female,group D,some college,free/reduced,none,69.0,65.0,74.0,65.0,69.0,74.0,69.0/5.0
889,male,group D,high school,free/reduced,none,44.0,51.0,48.0,44.0,48.0,51.0,48.0/4.0
890,female,group E,some college,standard,completed,86.0,85.0,91.0,85.0,86.0,91.0,87.0/3.0
891,female,group E,associate's degree,standard,none,85.0,92.0,85.0,85.0,85.0,92.0,87.0/4.0
892,female,group A,master's degree,free/reduced,none,50.0,67.0,73.0,50.0,67.0,73.0,63.0/12.0
893,male,group D,some high school,standard,completed,88.0,74.0,75.0,74.0,75.0,88.0,79.0/8.0
894,female,group E,associate's degree,standard,none,59.0,62.0,69.0,59.0,62.0,69.0,63.0/5.0
895,female,group E,some high school,free/reduced,none,32.0,34.0,38.0,32.0,34.0,38.0,35.0/3.0
896,male,group B,high school,free/reduced,none,36.0,29.0,27.0,27.0,29.0,36.0,31.0/5.0
897,female,group B,some high school,free/reduced,completed,63.0,78.0,79.0,63.0,78.0,79.0,73.0/9.0
898,male,group D,associate's degree,standard,completed,67.0,54.0,63.0,54.0,63.0,67.0,61.0/7.0
899,female,group D,some high school,standard,completed,65.0,78.0,82.0,65.0,78.0,82.0,75.0/9.0
900,male,group D,master's degree,standard,none,85.0,84.0,89.0,84.0,85.0,89.0,86.0/3.0
901,female,group C,master's degree,standard,none,73.0,78.0,74.0,73.0,74.0,78.0,75.0/3.0
902,female,group A,high school,free/reduced,completed,34.0,48.0,41.0,34.0,41.0,48.0,41.0/7.0
903,female,group D,bachelor's degree,free/reduced,completed,93.0,100.0,100.0,93.0,100.0,100.0,98.0/4.0
904,female,group D,some high school,free/reduced,none,67.0,84.0,84.0,67.0,84.0,84.0,78.0/10.0
905,male,group D,some college,standard,none,88.0,77.0,77.0,77.0,77.0,88.0,81.0/6.0
906,male,group B,high school,standard,none,57.0,48.0,51.0,48.0,51.0,57.0,52.0/5.0
907,female,group D,some college,standard,completed,79.0,84.0,91.0,79.0,84.0,91.0,85.0/6.0
908,female,group C,bachelor's degree,free/reduced,none,67.0,75.0,72.0,67.0,72.0,75.0,71.0/4.0
909,male,group E,bachelor's degree,standard,completed,70.0,64.0,70.0,64.0,70.0,70.0,68.0/3.0
910,male,group D,bachelor's degree,free/reduced,none,50.0,42.0,48.0,42.0,48.0,50.0,47.0/4.0
911,female,group A,some college,standard,none,69.0,84.0,82.0,69.0,82.0,84.0,78.0/8.0
912,female,group C,bachelor's degree,standard,completed,52.0,61.0,66.0,52.0,61.0,66.0,60.0/7.0
913,female,group C,bachelor's degree,free/reduced,completed,47.0,62.0,66.0,47.0,62.0,66.0,58.0/10.0
914,female,group B,associate's degree,free/reduced,none,46.0,61.0,55.0,46.0,55.0,61.0,54.0/8.0
915,female,group E,some college,standard,none,68.0,70.0,66.0,66.0,68.0,70.0,68.0/2.0
916,male,group E,bachelor's degree,standard,completed,100.0,100.0,100.0,100.0,100.0,100.0,100.0/0.0
917,female,group C,high school,standard,none,44.0,61.0,52.0,44.0,52.0,61.0,52.0/9.0
918,female,group C,associate's degree,standard,completed,57.0,77.0,80.0,57.0,77.0,80.0,71.0/13.0
919,male,group B,some college,standard,completed,91.0,96.0,91.0,91.0,91.0,96.0,93.0/3.0
920,male,group D,high school,free/reduced,none,69.0,70.0,67.0,67.0,69.0,70.0,69.0/2.0
921,female,group C,high school,free/reduced,none,35.0,53.0,46.0,35.0,46.0,53.0,45.0/9.0
922,male,group D,high school,standard,none,72.0,66.0,66.0,66.0,66.0,72.0,68.0/3.0
923,female,group B,associate's degree,free/reduced,none,54.0,65.0,65.0,54.0,65.0,65.0,61.0/6.0
924,male,group D,high school,free/reduced,none,74.0,70.0,69.0,69.0,70.0,74.0,71.0/3.0
925,male,group E,some high school,standard,completed,74.0,64.0,60.0,60.0,64.0,74.0,66.0/7.0
926,male,group E,associate's degree,free/reduced,none,64.0,56.0,52.0,52.0,56.0,64.0,57.0/6.0
927,female,group D,high school,free/reduced,completed,65.0,61.0,71.0,61.0,65.0,71.0,66.0/5.0
928,male,group E,associate's degree,free/reduced,completed,46.0,43.0,44.0,43.0,44.0,46.0,44.0/2.0
929,female,group C,some high school,free/reduced,none,48.0,56.0,51.0,48.0,51.0,56.0,52.0/4.0
930,male,group C,some college,free/reduced,completed,67.0,74.0,70.0,67.0,70.0,74.0,70.0/4.0
931,male,group D,some college,free/reduced,none,62.0,57.0,62.0,57.0,62.0,62.0,60.0/3.0
932,male,group D,associate's degree,free/reduced,completed,61.0,71.0,73.0,61.0,71.0,73.0,68.0/6.0
933,male,group C,bachelor's degree,free/reduced,completed,70.0,75.0,74.0,70.0,74.0,75.0,73.0/3.0
934,male,group C,associate's degree,standard,completed,98.0,87.0,90.0,87.0,90.0,98.0,92.0/6.0
935,male,group D,some college,free/reduced,none,70.0,63.0,58.0,58.0,63.0,70.0,64.0/6.0
936,male,group A,associate's degree,standard,none,67.0,57.0,53.0,53.0,57.0,67.0,59.0/7.0
937,female,group E,high school,free/reduced,none,57.0,58.0,57.0,57.0,57.0,58.0,57.0/1.0
938,male,group D,some college,standard,completed,85.0,81.0,85.0,81.0,85.0,85.0,84.0/2.0
939,male,group D,some high school,standard,completed,77.0,68.0,69.0,68.0,69.0,77.0,71.0/5.0
940,male,group C,master's degree,free/reduced,completed,72.0,66.0,72.0,66.0,72.0,72.0,70.0/3.0
941,female,group D,master's degree,standard,none,78.0,91.0,96.0,78.0,91.0,96.0,88.0/9.0
942,male,group C,high school,standard,none,81.0,66.0,64.0,64.0,66.0,81.0,70.0/9.0
943,male,group A,some high school,free/reduced,completed,61.0,62.0,61.0,61.0,61.0,62.0,61.0/1.0
944,female,group B,high school,standard,none,58.0,68.0,61.0,58.0,61.0,68.0,62.0/5.0
945,female,group C,associate's degree,standard,none,54.0,61.0,58.0,54.0,58.0,61.0,58.0/4.0
946,male,group B,high school,standard,none,82.0,82.0,80.0,80.0,82.0,82.0,81.0/1.0
947,female,group D,some college,free/reduced,none,49.0,58.0,60.0,49.0,58.0,60.0,56.0/6.0
948,male,group B,some high school,free/reduced,completed,49.0,50.0,52.0,49.0,50.0,52.0,50.0/2.0
949,female,group E,high school,free/reduced,completed,57.0,75.0,73.0,57.0,73.0,75.0,68.0/10.0
950,male,group E,high school,standard,none,94.0,73.0,71.0,71.0,73.0,94.0,79.0/13.0
951,female,group D,some college,standard,completed,75.0,77.0,83.0,75.0,77.0,83.0,78.0/4.0
952,female,group E,some high school,free/reduced,none,74.0,74.0,72.0,72.0,74.0,74.0,73.0/1.0
953,male,group C,high school,standard,completed,58.0,52.0,54.0,52.0,54.0,58.0,55.0/3.0
954,female,group C,some college,standard,none,62.0,69.0,69.0,62.0,69.0,69.0,67.0/4.0
955,male,group E,associate's degree,standard,none,72.0,57.0,62.0,57.0,62.0,72.0,64.0/8.0
956,male,group C,some college,standard,none,84.0,87.0,81.0,81.0,84.0,87.0,84.0/3.0
957,female,group D,master's degree,standard,none,92.0,100.0,100.0,92.0,100.0,100.0,97.0/5.0
958,female,group D,high school,standard,none,45.0,63.0,59.0,45.0,59.0,63.0,56.0/9.0
959,male,group C,high school,standard,none,75.0,81.0,71.0,71.0,75.0,81.0,76.0/5.0
960,female,group A,some college,standard,none,56.0,58.0,64.0,56.0,58.0,64.0,59.0/4.0
961,female,group D,some high school,free/reduced,none,48.0,54.0,53.0,48.0,53.0,54.0,52.0/3.0
962,female,group E,associate's degree,standard,none,100.0,100.0,100.0,100.0,100.0,100.0,100.0/0.0
963,female,group C,some high school,free/reduced,completed,65.0,76.0,75.0,65.0,75.0,76.0,72.0/6.0
964,male,group D,some college,standard,none,72.0,57.0,58.0,57.0,58.0,72.0,62.0/8.0
965,female,group D,some college,standard,none,62.0,70.0,72.0,62.0,70.0,72.0,68.0/5.0
966,male,group A,some high school,standard,completed,66.0,68.0,64.0,64.0,66.0,68.0,66.0/2.0
967,male,group C,some college,standard,none,63.0,63.0,60.0,60.0,63.0,63.0,62.0/2.0
968,female,group E,associate's degree,standard,none,68.0,76.0,67.0,67.0,68.0,76.0,70.0/5.0
969,female,group B,bachelor's degree,standard,none,75.0,84.0,80.0,75.0,80.0,84.0,80.0/5.0
970,female,group D,bachelor's degree,standard,none,89.0,100.0,100.0,89.0,100.0,100.0,96.0/6.0
971,male,group C,some high school,standard,completed,78.0,72.0,69.0,69.0,72.0,78.0,73.0/5.0
972,female,group A,high school,free/reduced,completed,53.0,50.0,60.0,50.0,53.0,60.0,54.0/5.0
973,female,group D,some college,free/reduced,none,49.0,65.0,61.0,49.0,61.0,65.0,58.0/8.0
974,female,group A,some college,standard,none,54.0,63.0,67.0,54.0,63.0,67.0,61.0/7.0
975,female,group C,some college,standard,completed,64.0,82.0,77.0,64.0,77.0,82.0,74.0/9.0
976,male,group B,some college,free/reduced,completed,60.0,62.0,60.0,60.0,60.0,62.0,61.0/1.0
977,male,group C,associate's degree,standard,none,62.0,65.0,58.0,58.0,62.0,65.0,62.0/4.0
978,male,group D,high school,standard,completed,55.0,41.0,48.0,41.0,48.0,55.0,48.0/7.0
979,female,group C,associate's degree,standard,none,91.0,95.0,94.0,91.0,94.0,95.0,93.0/2.0
980,female,group B,high school,free/reduced,none,8.0,24.0,23.0,8.0,23.0,24.0,18.0/9.0
981,male,group D,some high school,standard,none,81.0,78.0,78.0,78.0,78.0,81.0,79.0/2.0
982,male,group B,some high school,standard,completed,79.0,85.0,86.0,79.0,85.0,86.0,83.0/4.0
983,female,group A,some college,standard,completed,78.0,87.0,91.0,78.0,87.0,91.0,85.0/7.0
984,female,group C,some high school,standard,none,74.0,75.0,82.0,74.0,75.0,82.0,77.0/4.0
985,male,group A,high school,standard,none,57.0,51.0,54.0,51.0,54.0,57.0,54.0/3.0
986,female,group C,associate's degree,standard,none,40.0,59.0,51.0,40.0,51.0,59.0,50.0/10.0
987,male,group E,some high school,standard,completed,81.0,75.0,76.0,75.0,76.0,81.0,77.0/3.0
988,female,group A,some high school,free/reduced,none,44.0,45.0,45.0,44.0,45.0,45.0,45.0/1.0
989,female,group D,some college,free/reduced,completed,67.0,86.0,83.0,67.0,83.0,86.0,79.0/10.0
990,male,group E,high school,free/reduced,completed,86.0,81.0,75.0,75.0,81.0,86.0,81.0/6.0
991,female,group B,some high school,standard,completed,65.0,82.0,78.0,65.0,78.0,82.0,75.0/9.0
992,female,group D,associate's degree,free/reduced,none,55.0,76.0,76.0,55.0,76.0,76.0,69.0/12.0
993,female,group D,bachelor's degree,free/reduced,none,62.0,72.0,74.0,62.0,72.0,74.0,69.0/6.0
994,male,group A,high school,standard,none,63.0,63.0,62.0,62.0,63.0,63.0,63.0/1.0
995,female,group E,master's degree,standard,completed,88.0,99.0,95.0,88.0,95.0,99.0,94.0/6.0
996,male,group C,high school,free/reduced,none,62.0,55.0,55.0,55.0,55.0,62.0,57.0/4.0
997,female,group C,high school,free/reduced,completed,59.0,71.0,65.0,59.0,65.0,71.0,65.0/6.0
998,female,group D,some college,standard,completed,68.0,78.0,77.0,68.0,77.0,78.0,74.0/6.0
999,female,group D,some college,free/reduced,none,77.0,86.0,86.0,77.0,86.0,86.0,83.0/5.0
average annual,,,,,,66.089,69.169,68.054,,,,
